,week,url_avg,et_url_avg,display_url_avg,hashtag_avg,et_hashtag_avg,avg_followers,avg_friends,avg_listed,sum_trunc,sum_http,avg_tokens,avg_char,avg_senti,avg_emoji_count,song_id,artist_id
0,0,0.0,0.0,0.0,0.0,0.0,2146.0,2221.0,1.0,0.0,0.0,26.0,138.0,0.0,0.0,0,0
3,0,0.372093023255814,0.04651162790697674,0.372093023255814,0.18604651162790695,0.372093023255814,1062.8837209302326,932.953488372093,13.953488372093025,9.0,23.0,21.25581395348837,118.09302325581396,0.2902651153678118,0.2558139534883721,1,1
5,0,0.0,0.0,0.0,0.0,0.0,290.0,264.5,2.0,0.0,0.0,19.0,93.0,0.4698500074446201,0.5,2,2
6,0,0.0328125,0.009375,0.0328125,0.021875,0.0140625,613.665625,615.884375,6.125,13.0,27.0,19.7640625,111.484375,0.3622384410933591,0.0921875,3,3
7,0,1.0,0.5,1.0,0.16666666666666666,0.3333333333333333,21621.166666666668,4436.333333333333,160.16666666666666,2.0,5.0,17.833333333333332,112.33333333333331,0.22591666442652544,0.5,4,4
11,0,0.8461538461538461,0.0,0.8461538461538461,1.6153846153846154,0.0,4286.153846153846,3825.0769230769233,37.769230769230774,0.0,12.0,16.384615384615387,107.92307692307692,0.2787923033420856,1.0769230769230769,5,5
12,0,0.5714285714285714,0.0,0.5714285714285714,0.5714285714285714,0.0,300.57142857142856,219.42857142857144,1.8571428571428568,2.0,7.0,22.285714285714285,128.42857142857142,0.3566571442144258,0.0,6,6
13,0,0.4065040650406504,0.2926829268292683,0.4065040650406504,0.16260162601626016,0.08943089430894309,17720.609756097558,4351.073170731707,73.29268292682926,10.0,57.0,19.601626016260163,115.95121951219512,0.2774845532982088,0.05691056910569105,7,7
14,0,0.34375,0.0,0.34375,0.40625,0.0,1409.34375,755.8125,18.5,2.0,11.0,22.0,123.1875,0.3896812442690134,0.46875,8,3
15,0,0.21428571428571427,0.07142857142857142,0.21428571428571427,0.0,0.0,6400.214285714284,1537.428571428571,26.785714285714285,2.0,12.0,24.0,126.28571428571428,0.21626428408282145,0.0,9,8
19,0,0.4545454545454545,0.09090909090909093,0.4545454545454545,1.9090909090909087,0.2727272727272727,5846.0,1214.2727272727273,22.90909090909091,1.0,9.0,17.727272727272727,113.0,0.18515455451878635,0.8181818181818182,10,9
20,0,1.0,0.0,1.0,1.0,7.0,3514.666666666666,3218.666666666666,60.0,3.0,3.0,18.0,132.0,0.0,0.0,11,10
23,0,0.8,0.4,0.8,0.6,0.0,26628.2,960.4,97.6,3.0,5.0,20.4,124.4,0.3608400017023087,0.0,12,11
26,0,0.8,0.0,0.8,2.4,0.0,1727.4,259.4,51.8,0.0,5.0,16.2,105.8,0.08091999888420105,0.6,13,6
28,0,0.0,0.0,0.0,0.0,0.0,1352.0,368.0,8.0,0.0,0.0,22.0,113.0,0.5254999995231628,0.0,14,12
29,0,0.5,0.0,0.5,2.5,0.0,1832.0,1723.5,22.5,0.0,1.0,20.5,121.5,0.2633500099182129,0.0,15,13
31,0,0.6666666666666666,0.0,0.6666666666666666,0.0,0.3333333333333333,99.33333333333331,194.16666666666663,3.8333333333333335,2.0,4.0,18.83333333333333,104.33333333333331,0.5789666523536047,0.0,16,14
32,0,0.12727272727272726,0.006060606060606061,0.12727272727272726,0.3696969696969697,0.09090909090909093,1655.2545454545457,968.4181818181818,13.915151515151514,8.0,35.0,22.53939393939394,133.61212121212122,0.4459745449775999,0.29696969696969705,17,15
35,0,1.25,0.5,1.25,3.0,1.25,1907.25,1909.0,22.5,1.0,4.0,18.25,113.5,0.12347500026226045,0.0,18,2
36,0,1.0,0.0,1.0,0.0,9.0,2.0,5.0,0.0,1.0,1.0,20.0,140.0,0.02580000087618828,4.0,19,16
38,0,0.0,0.0,0.0,1.0,0.0,56.0,640.0,0.0,0.0,1.0,15.0,94.0,0.3181999921798706,0.0,20,17
39,0,0.6666666666666666,0.0,0.6666666666666666,0.0,3.333333333333333,1368.6666666666667,1164.0,19.33333333333333,1.0,2.0,17.666666666666668,120.0,0.6860666672388712,2.333333333333333,21,18
40,0,0.375,0.0625,0.375,0.0625,0.4375,679.125,649.6875,6.125,1.0,7.0,19.0625,113.6875,0.057775001972913735,0.125,22,19
41,0,0.8333333333333334,0.0,0.8333333333333334,1.6666666666666667,0.0,2644.6666666666665,367.5,88.5,0.0,5.0,19.166666666666668,114.5,0.12533333400885266,0.16666666666666666,23,9
44,0,0.75,0.0,0.75,3.75,0.0,1281.25,1165.75,11.5,0.0,3.0,17.5,117.75,-0.21562500298023224,0.75,24,20
46,0,0.0,0.0,0.0,1.3333333333333333,0.0,725.8333333333335,422.0,3.1666666666666665,0.0,3.0,18.83333333333333,113.16666666666669,0.0995499889055888,0.5,25,21
48,0,1.0,0.25,1.0,2.0,2.0,1495.0,653.75,7.25,1.0,4.0,16.0,107.0,0.6776500046253204,0.25,26,22
49,0,1.0,0.0,1.0,2.0,0.0,292.0,642.0,0.0,0.0,1.0,14.0,97.0,0.0,0.0,27,23
50,0,0.5384615384615384,0.0,0.5384615384615384,0.5384615384615384,0.0,3835.230769230769,3122.769230769231,311.15384615384613,0.0,7.0,20.53846153846154,121.84615384615385,-0.022161538211198952,1.6153846153846154,28,20
51,0,1.6666666666666667,1.3333333333333333,1.6666666666666667,0.6666666666666666,3.333333333333333,104.0,284.6666666666667,0.0,2.0,3.0,23.0,128.0,0.32926666736602783,0.0,29,24
52,0,2.0,2.0,2.0,0.0,5.0,10.0,106.0,0.0,1.0,1.0,27.0,148.0,0.4939000010490418,0.0,30,25
53,0,0.10344827586206896,0.008620689655172414,0.10344827586206896,0.9741379310344828,0.12931034482758622,1788.8275862068963,1160.2931034482758,8.732758620689655,4.0,114.0,19.76724137931034,135.90517241379308,0.13085344061255455,0.8706896551724138,31,26
60,0,0.3023255813953488,0.04651162790697674,0.3023255813953488,0.2325581395348837,0.2325581395348837,650.6976744186046,511.86046511627904,10.232558139534882,8.0,17.0,16.069767441860467,91.06976744186045,0.07718837157238362,0.16279069767441862,32,27
61,0,1.0,0.0,1.0,1.0,0.0,2983.0,5001.0,327.0,0.0,1.0,14.0,107.0,0.0,0.0,33,2
62,0,1.0,0.0,1.0,2.0,0.0,292.0,642.0,0.0,0.0,1.0,10.0,76.0,0.0,0.0,34,28
63,0,0.3333333333333333,0.0,0.3333333333333333,2.0,0.0,1239.6666666666667,1301.6666666666667,15.0,0.0,1.0,12.666666666666664,87.66666666666669,0.1865666757027308,0.6666666666666666,35,29
64,0,2.0,1.0,2.0,0.0,0.0,1672.0,5000.0,469.0,1.0,1.0,22.0,139.0,0.0,0.0,36,30
66,0,0.2307692307692308,0.0,0.2307692307692308,0.5384615384615384,0.0,1831.8461538461536,750.3846153846154,7.230769230769232,1.0,3.0,23.153846153846153,125.3846153846154,0.6595846317135371,0.5384615384615384,37,15
68,0,1.0,0.0,1.0,1.0,1.0,151.0,191.0,1.0,1.0,1.0,25.0,140.0,0.8267999887466431,0.0,38,31
69,0,1.0,0.0,1.0,0.0,0.0,12.0,146.0,0.0,0.0,1.0,15.0,97.0,0.2732000052928925,0.0,39,32
71,0,1.0,0.5555555555555556,1.0,1.6666666666666667,0.4444444444444444,3870.333333333334,880.8888888888888,30.11111111111111,3.0,7.0,17.777777777777782,115.55555555555556,0.17273333503140342,0.0,40,33
84,0,0.5,0.0,0.5,1.6666666666666667,0.0,1753.333333333333,482.33333333333326,44.83333333333334,1.0,3.0,17.666666666666668,100.66666666666669,0.15935000032186508,1.0,41,34
85,0,1.0,0.6666666666666666,1.0,0.3333333333333333,1.6666666666666667,555.6666666666666,435.66666666666674,19.666666666666668,1.0,2.0,19.666666666666668,119.0,0.4218666752179464,0.3333333333333333,42,35
87,0,0.0,0.0,0.0,0.0,0.0,2396.0,446.0,20.0,0.0,0.0,10.0,60.5,0.2649499997496605,0.0,43,36
90,0,1.0,0.0,1.0,0.0,0.0,576.0,1314.0,0.0,0.0,1.0,14.0,74.0,0.0,0.0,44,14
96,0,1.0,0.0,1.0,2.0,0.0,4213.0,899.0,55.0,0.0,1.0,17.0,107.0,0.0,0.0,45,37
97,0,1.0,0.0,1.0,2.0,0.0,36.0,346.0,0.0,0.0,1.0,18.0,129.0,0.4018999934196472,0.0,46,34
98,0,1.0,0.0,1.0,5.0,0.0,3661.0,3440.0,45.0,0.0,1.0,16.0,88.0,0.0,0.0,47,38
99,0,0.0,0.0,0.0,0.0,0.0,984.0,953.0,12.0,0.0,1.0,16.0,95.0,-0.3612000048160553,0.0,48,39
100,1,0.2361358284348092,0.0009767087909783266,0.2361358284348092,1.657486802447165,0.007747757464631756,956.9067213144223,692.2010342327443,5.3570320036911205,773.0,51550.0,20.460041824707734,130.70064774368285,0.2734816842919975,0.9361304355641842,49,40
102,1,1.0,0.0,1.0,3.5,7.0,3511.0,3217.0,60.0,2.0,2.0,19.5,135.0,0.12800000607967374,0.0,50,41
104,1,0.4230769230769231,0.2307692307692308,0.4230769230769231,0.3461538461538461,0.15384615384615385,1543.1153846153845,649.7307692307693,11.115384615384617,6.0,12.0,19.423076923076927,114.96153846153848,0.17445769160985947,0.5384615384615384,1,1
106,1,0.30337078651685395,0.07865168539325842,0.30337078651685395,0.20224719101123595,0.11235955056179776,1827.5393258426968,739.0786516853932,12.98876404494382,10.0,31.0,20.98876404494382,124.1685393258427,0.2572370786010549,0.9887640449438202,3,3
107,1,0.6666666666666666,0.16666666666666666,0.6666666666666666,1.1666666666666667,0.8333333333333334,8876.25,7485.25,62.91666666666666,3.0,9.0,18.916666666666668,111.16666666666669,-0.037641667450467736,0.6666666666666666,4,4
108,1,0.0,0.0,0.0,2.0,0.0,865.0,734.0,2.0,0.0,0.0,17.0,140.0,0.2960000038146973,0.0,51,42
109,1,1.1,0.5,1.1,0.7,1.4,1762.5,956.6,25.5,4.0,8.0,21.2,117.3,0.16922999992966653,0.5,5,5
113,1,1.3333333333333333,0.8333333333333334,1.3333333333333333,2.5,2.333333333333333,335.1666666666667,330.1666666666667,63.5,4.0,6.0,22.66666666666667,133.33333333333334,0.5665000081062317,0.0,6,6
115,1,0.5,0.25,0.5,1.0,0.0,1099.75,555.0,21.75,1.0,3.0,16.25,99.75,0.3603249974548817,0.5,9,8
116,1,0.26666666666666666,0.0,0.26666666666666666,0.0,0.0,2407.133333333333,1458.333333333333,28.66666666666667,0.0,11.0,18.8,112.4,0.31294666131337484,0.4666666666666667,8,3
119,1,0.6,0.4,0.6,3.4,0.6,2010.6,1254.8,17.4,1.0,2.0,18.2,125.6,-0.39495999068021775,0.0,10,9
120,1,0.05882352941176471,0.0,0.05882352941176471,0.05882352941176471,0.4117647058823529,815.7647058823529,852.2941176470587,6.8235294117647065,1.0,1.0,20.823529411764707,137.64705882352942,0.0,0.0,11,10
124,1,1.0,0.0,1.0,5.0,0.0,3668.0,3460.0,45.0,0.0,1.0,17.0,101.0,0.0,0.0,14,12
126,1,1.0,0.5,1.0,2.333333333333333,1.1666666666666667,925.6666666666665,1220.6666666666667,34.0,2.0,6.0,19.83333333333333,120.16666666666669,0.10909999907016754,0.16666666666666666,13,6
128,1,1.0,0.0,1.0,2.0,0.0,174.0,130.66666666666666,1.0,0.0,3.0,13.666666666666664,102.0,0.06743333240350087,0.3333333333333333,12,11
129,1,1.25,0.75,1.25,1.5,1.25,1733.0,1541.25,77.75,2.0,4.0,23.25,138.25,0.1191750019788742,1.0,30,25
130,1,0.6,0.4,0.6,0.5,0.5,981.1,395.9,7.1,2.0,5.0,19.0,113.7,0.03864999935030937,0.3,22,19
131,1,1.0,0.0,1.0,0.0,0.0,580.0,867.5,0.5,0.0,2.0,12.0,76.0,0.5841999799013138,0.5,16,14
132,1,0.0,0.0,0.0,0.0,0.0,241.0,176.0,2.0,0.0,0.0,20.0,90.0,0.6955999732017517,0.0,52,43
135,1,0.1836734693877551,0.010204081632653059,0.1836734693877551,0.7653061224489796,0.19387755102040816,1264.8673469387754,891.7857142857142,7.3775510204081645,6.0,19.0,22.520408163265305,133.1734693877551,0.18733775532063174,0.4795918367346938,17,15
136,1,1.0,0.4,1.0,0.4,1.0,783.2,1379.0,9.2,1.0,4.0,16.0,106.4,0.18686000108718875,0.8,15,13
137,1,2.0,2.0,2.0,0.0,5.0,10.0,106.0,0.0,1.0,1.0,26.0,149.0,0.4939000010490418,0.0,2,2
138,1,1.0,0.0,1.0,2.0,0.0,292.0,642.0,0.0,0.0,1.0,11.0,80.0,0.3181999921798706,0.0,20,17
139,1,0.5,0.0,0.5,2.5,0.0,2184.0,4174.0,28.0,0.0,1.0,18.5,101.0,0.6845999956130981,0.0,53,44
140,1,0.18181818181818185,0.06493506493506493,0.18181818181818185,0.0,0.012987012987012988,1658.7922077922076,1255.4675324675325,8.623376623376625,4.0,14.0,15.558441558441556,97.14285714285714,0.3808064956169624,0.5064935064935064,7,7
142,1,1.0,0.6666666666666666,1.0,1.6666666666666667,1.6666666666666667,1362.6666666666667,1432.0,15.333333333333336,1.0,2.0,22.0,127.0,0.4873333374659221,0.0,18,2
144,1,0.6666666666666666,0.0,0.6666666666666666,1.6666666666666667,0.0,4259.0,1774.0,35.333333333333336,0.0,2.0,18.0,104.66666666666669,0.21230000257492065,0.0,23,9
145,1,1.2,0.4,1.2,0.4,1.0,1085.4,1339.0,13.8,2.0,5.0,19.0,111.6,0.1667800009250641,0.0,29,24
147,1,0.02631578947368421,0.0,0.02631578947368421,0.02631578947368421,0.0,1210.1842105263158,1370.578947368421,2.8421052631578947,1.0,16.0,21.97368421052632,115.76315789473685,0.3892342161975409,0.02631578947368421,25,21
148,1,1.0,0.3333333333333333,1.0,0.3333333333333333,0.3333333333333333,3721.0,4385.333333333333,19.0,1.0,3.0,19.666666666666668,117.66666666666669,0.8037333488464355,0.3333333333333333,26,22
149,1,0.25,0.016666666666666666,0.25,0.13333333333333333,0.2,647.1166666666667,574.1666666666666,8.0,6.0,19.0,16.083333333333332,90.96666666666668,0.10220999792218208,0.21666666666666667,32,27
152,1,0.5,0.0,0.5,0.0,0.0,131.5,595.5,12.5,0.0,1.0,17.0,88.5,0.6322000026702881,0.0,21,18
153,1,0.75,0.0,0.75,0.0,0.0,209.75,384.75,1.5,0.0,3.0,19.25,111.75,0.0,0.0,28,20
156,1,0.3333333333333333,0.06666666666666668,0.3333333333333333,1.0666666666666669,0.5333333333333333,878.4666666666667,796.4666666666667,19.2,2.0,11.0,17.4,111.93333333333334,0.21719332734743754,0.4666666666666667,31,26
157,1,1.0,0.0,1.0,0.0,0.0,1630.0,3916.0,25.5,0.0,2.0,17.5,113.5,0.0,0.0,54,45
158,1,1.0,0.0,1.0,0.0,0.0,1365.0,462.0,15.0,0.0,1.0,25.0,133.0,0.4018999934196472,0.0,36,30
159,1,2.0,2.0,2.0,0.0,5.0,10.0,106.0,0.0,1.0,1.0,27.0,149.0,0.4939000010490418,0.0,27,23
161,1,1.0,0.0,1.0,1.0,3.0,1399.0,4998.0,0.0,1.0,1.0,24.0,140.0,-0.7268999814987183,4.0,55,10
166,1,1.0,0.0,1.0,0.0,0.0,171.5,129.5,4.0,0.0,2.0,14.0,81.5,0.0,0.0,33,2
167,1,1.0,0.0,1.0,0.0,0.0,155.0,1829.0,1.0,0.0,1.0,15.0,97.0,0.2732000052928925,0.0,39,32
173,1,0.0625,0.0,0.0625,0.6875,0.4375,1434.375,1043.75,8.125,1.0,15.0,22.0625,138.3125,0.5349750071763992,1.5625,56,46
177,1,0.0,0.0,0.0,0.0,0.0,161.0,842.0,1.0,0.0,0.0,13.0,80.0,0.7940999865531921,0.0,42,35
179,1,1.0,0.0,1.0,5.0,0.0,3664.0,3451.0,45.0,0.0,1.0,18.0,113.0,0.0,0.0,57,47
184,1,0.10526315789473684,0.0,0.10526315789473684,0.0,0.0,197.36842105263162,311.57894736842104,1.8421052631578947,1.0,19.0,23.63157894736842,133.26315789473685,0.2439052611589432,0.10526315789473684,37,15
187,1,0.6666666666666666,0.0,0.6666666666666666,2.333333333333333,0.0,7100.0,2863.666666666666,40.0,0.0,2.0,14.0,87.0,0.5390666623910269,0.6666666666666666,43,36
190,1,1.0,0.0,1.0,5.0,0.0,11919.0,12881.0,76.0,0.0,1.0,17.0,120.0,0.0,0.0,41,34
198,1,0.0,0.0,0.0,1.0,0.0,0.0,9.0,0.0,0.0,0.0,28.0,140.0,0.0,1.0,58,48
199,1,0.4,0.0,0.4,2.2,0.0,1373.0,1546.2,10.8,0.0,2.0,17.4,96.8,0.0,0.0,47,38
200,2,0.0740719185200582,0.0008646850966535024,0.0740719185200582,0.8128705050924964,0.00922053627104552,1012.0395676574516,745.4093618790273,5.3172978590729585,690.0,27019.0,21.017418416129704,129.68099771357305,0.4275506572861931,0.8093868218665559,49,40
204,2,0.36666666666666653,0.13333333333333333,0.36666666666666653,1.6666666666666667,1.0333333333333334,863.7,802.0,40.9,5.0,9.0,17.1,121.1,0.3500133216381073,2.4,1,1
205,2,0.15151515151515152,0.06565656565656566,0.15151515151515152,0.040404040404040414,0.0,2054.1060606060605,808.6010101010099,23.722222222222218,15.0,35.0,22.5050505050505,136.48989898989902,0.13028282732373536,0.10606060606060606,3,3
209,2,0.16666666666666666,0.04166666666666666,0.16666666666666666,0.08333333333333333,0.04166666666666666,1325.7083333333333,1026.125,4.708333333333333,1.0,5.0,18.75,105.66666666666669,-0.5247083300103744,0.0,5,5
210,2,1.0,0.14285714285714285,1.0,1.4285714285714286,0.14285714285714285,4988.142857142857,1229.4285714285713,101.71428571428572,1.0,6.0,18.571428571428573,116.14285714285714,0.03844285437038967,0.0,4,4
212,2,0.14285714285714285,0.0,0.14285714285714285,0.0,0.0,337.57142857142856,638.1428571428571,2.571428571428572,1.0,1.0,21.0,127.0,0.08087142876216344,1.7142857142857142,59,49
214,2,0.5,0.0,0.5,0.0,0.0,598.25,536.0,6.25,2.0,3.0,25.0,130.75,0.20454999804496765,0.0,9,8
215,2,0.3,0.0,0.3,1.4,0.0,1192.6,718.4,37.8,0.0,3.0,23.2,130.3,0.4137899994850159,1.8,6,6
217,2,0.6538461538461539,0.07692307692307693,0.6538461538461539,0.0,0.0,4241.461538461538,871.6538461538463,44.384615384615394,3.0,17.0,21.46153846153846,128.69230769230768,0.5401384624151083,0.15384615384615385,8,3
220,2,0.7142857142857143,0.14285714285714285,0.7142857142857143,0.42857142857142855,0.0,2510.428571428572,2088.6190476190477,9.904761904761905,3.0,13.0,20.19047619047619,121.33333333333331,0.258176184126309,0.2380952380952381,22,19
222,2,0.6,0.0,0.6,1.0,0.0,886.6,887.6,10.8,0.0,5.0,21.4,113.4,0.04108000099658966,0.0,13,6
223,2,1.0,0.0,1.0,1.0,7.0,3517.0,3218.0,61.0,1.0,1.0,18.0,132.0,0.0,0.0,11,10
225,2,1.25,0.5,1.25,0.75,1.25,530.5,647.0,4.0,1.0,4.0,18.5,118.0,0.12347500026226045,0.0,30,25
226,2,1.0,0.0,1.0,0.0,0.0,2682.0,1341.0,67.0,1.0,1.0,24.0,140.0,0.3680000007152557,0.0,60,50
227,2,0.5,0.0,0.5,2.5,0.0,1968.0,1875.5,24.0,0.0,1.0,20.0,112.0,0.1131500005722046,0.0,14,12
229,2,0.6666666666666666,0.16666666666666666,0.6666666666666666,2.5,0.16666666666666666,4051.5,420.66666666666674,39.16666666666666,2.0,4.0,20.0,130.16666666666666,-0.1817666639884313,0.0,10,9
230,2,0.0,0.0,0.0,0.0,0.0,527.25,665.5,0.25,0.0,0.0,27.25,123.0,0.671424999833107,0.0,52,43
232,2,1.6,1.2,1.6,1.4,3.0,794.4,886.8,9.0,3.0,5.0,23.2,127.8,0.29634000062942506,0.0,29,24
234,2,1.0,0.0,1.0,3.333333333333333,0.0,2354.333333333333,626.0,25.66666666666667,0.0,3.0,17.666666666666668,123.0,0.0,0.0,12,11
236,2,0.32653061224489793,0.12244897959183673,0.32653061224489793,0.24489795918367346,0.20408163265306126,2305.857142857143,2097.5102040816328,17.346938775510207,9.0,17.0,19.0,115.06122448979592,0.2819469376486175,0.020408163265306117,7,7
239,2,0.75,0.0,0.75,0.0,0.0,930.5,672.25,3.75,1.0,3.0,20.25,113.25,0.6549499928951263,0.0,16,14
240,2,0.75,0.0,0.75,1.75,0.0,1067.0,1073.5,11.25,1.0,3.0,16.0,94.25,0.5485999956727028,0.0,20,17
242,2,2.0,2.0,2.0,0.0,5.0,9.0,106.0,0.0,1.0,1.0,26.0,148.0,0.4939000010490418,0.0,15,13
243,2,1.0,0.0,1.0,1.0,1.0,21141.0,10282.0,197.0,1.0,1.0,23.0,140.0,-0.3382000029087067,0.0,23,9
244,2,0.17,0.01,0.17,0.81,0.18,1410.46,1468.19,8.57,6.0,53.0,20.83,127.74,0.3975309977680445,0.91,17,15
246,2,2.0,2.0,2.0,0.0,5.0,9.0,106.0,0.0,1.0,1.0,26.0,149.0,0.4939000010490418,0.0,18,2
247,2,1.0,0.5,1.0,2.0,2.0,181.0,1006.0,0.75,2.0,4.0,19.25,112.0,0.7561250030994415,0.25,26,22
250,2,0.31343283582089554,0.07462686567164177,0.31343283582089554,0.41791044776119396,0.16417910447761194,1567.0746268656715,494.61194029850753,7.522388059701491,14.0,37.0,19.179104477611943,119.10447761194028,0.1678074621664944,1.8805970149253728,32,27
251,2,0.5,0.0,0.5,0.3333333333333333,0.0,1807.333333333333,3006.5,34.5,1.0,4.0,16.0,95.33333333333331,0.06340000033378601,0.5,28,20
252,2,1.0,0.0,1.0,4.0,7.0,3516.0,3219.0,61.0,1.0,1.0,19.0,137.0,0.3612000048160553,0.0,61,51
254,2,1.25,0.25,1.25,1.0,4.5,1318.75,2493.75,15.5,1.0,4.0,17.75,109.25,0.572674997150898,0.5,21,18
255,2,0.2222222222222222,0.0,0.2222222222222222,0.0,0.2222222222222222,218.55555555555557,343.1111111111111,0.8888888888888888,1.0,2.0,17.555555555555557,96.66666666666669,-0.2207555439737108,1.7777777777777777,2,2
256,2,0.5,0.5,0.5,3.5,4.5,2840.5,365.5,6.5,1.0,1.0,13.0,103.0,0.18060000240802765,2.0,62,52
257,2,0.3333333333333333,0.0,0.3333333333333333,0.0,0.0,285.5,618.8333333333334,4.666666666666667,1.0,2.0,23.16666666666667,126.16666666666669,0.247433344523112,0.0,38,31
263,2,0.5,0.0,0.5,0.75,0.0,2126.75,1141.0,34.75,1.0,3.0,18.75,113.0,-0.2599000036716461,1.0,54,45
265,2,1.0,0.0,1.0,2.0,0.0,48.0,201.0,0.0,0.0,1.0,18.0,128.0,0.44040000438690186,0.0,39,32
272,2,1.0,0.0,1.0,0.0,0.0,317.5,295.0,1.0,0.0,2.0,17.0,87.0,0.3251999914646149,0.0,63,53
273,2,2.0,2.0,2.0,0.0,5.0,10.0,106.0,0.0,1.0,1.0,26.0,149.0,0.4939000010490418,0.0,42,35
275,2,2.0,2.0,2.0,0.0,5.0,10.0,106.0,0.0,1.0,1.0,27.0,149.0,0.4939000010490418,0.0,27,23
277,2,0.11363636363636365,0.0,0.11363636363636365,0.19318181818181815,0.1590909090909091,7287.511363636364,938.1477272727273,31.42045454545455,3.0,13.0,19.26136363636364,132.52272727272728,0.5861011206765067,0.05681818181818181,31,26
281,2,1.0,0.5,1.0,1.0,0.0,348.0,830.0,0.0,1.0,2.0,19.5,111.5,0.2293999940156937,5.5,64,54
291,2,0.0,0.0,0.0,0.0,0.0,3731.4285714285716,3573.285714285714,24.57142857142857,0.0,1.0,15.857142857142858,98.14285714285714,0.2944571397134236,0.2857142857142857,37,15
296,2,1.0,0.0,1.0,0.0,0.0,1857.0,436.0,11.0,0.0,1.0,17.0,83.0,0.3251999914646149,0.0,65,53
297,2,0.6666666666666666,0.0,0.6666666666666666,0.0,0.0,148.33333333333334,484.33333333333326,0.0,1.0,2.0,20.666666666666668,117.33333333333331,0.4812333385149638,0.0,41,34
298,2,1.0,0.0,1.0,0.0,0.0,430.0,1017.0,0.0,0.0,1.0,21.0,106.0,0.3612000048160553,8.0,66,55
301,3,0.3808064713812968,0.0017604652976634836,0.3808064713812968,1.1875118385720176,0.0075432595349251815,1182.780075544017,716.8248114185118,5.9356761635227135,418.0,40934.0,19.508462489832755,127.63460317106598,0.3873257810055237,0.3276916734448295,49,40
304,3,0.3461538461538461,0.07692307692307693,0.3461538461538461,0.4615384615384616,0.019230769230769232,1800.5384615384617,1247.0961538461538,12.346153846153848,6.0,31.0,18.865384615384613,117.82692307692308,0.17524038455807245,0.9230769230769232,1,1
306,3,0.12698412698412698,0.015873015873015872,0.12698412698412698,0.07936507936507936,0.0,1612.2222222222224,892.6825396825396,12.61904761904762,4.0,9.0,22.50793650793651,136.22222222222223,0.3358460274480638,0.4444444444444444,3,3
310,3,0.7,0.0,0.7,1.6,0.0,10069.2,1534.5,32.9,0.0,7.0,19.5,113.1,0.016949999332427978,0.9,5,5
312,3,1.0,0.2,1.0,1.2,2.0,2938.4,2379.2,60.0,1.0,4.0,18.2,110.8,0.3285400003194809,0.4,4,4
315,3,0.375,0.0,0.375,0.75,0.0,1831.625,1363.875,30.5,0.0,4.0,13.375,96.125,0.026312500238418583,0.125,9,8
316,3,0.5,0.0,0.5,2.75,0.0,218.5,308.5,32.5,0.0,3.0,18.25,119.75,0.5830500051379204,0.0,6,6
317,3,0.3125,0.0625,0.3125,0.0,0.0,4399.25,817.4375,61.8125,2.0,5.0,22.4375,127.6875,0.1930750049650669,0.0625,8,3
319,3,0.2857142857142857,0.14285714285714285,0.2857142857142857,0.2857142857142857,0.42857142857142855,1632.7142857142858,1159.2857142857142,11.714285714285715,1.0,2.0,19.714285714285715,103.14285714285714,0.34662857225963045,2.0,22,19
321,3,0.3333333333333333,0.0,0.3333333333333333,0.6666666666666666,0.0,253.0,306.0,0.6666666666666666,0.0,1.0,11.666666666666664,64.0,0.21230000257492065,0.3333333333333333,29,24
322,3,1.0,0.0,1.0,0.0,0.0,162.0,778.0,0.0,0.0,1.0,18.0,114.0,0.669700026512146,0.0,30,25
324,3,0.3333333333333333,0.0,0.3333333333333333,1.0,0.0,74.33333333333333,902.3333333333335,3.333333333333333,0.0,2.0,21.33333333333333,119.33333333333331,-0.06743333240350087,1.0,13,6
325,3,0.5,0.0,0.5,0.0,0.0,12.5,79.5,0.0,0.0,1.0,20.5,115.0,0.16220000386238098,1.0,52,43
327,3,0.2,0.0,0.2,0.0,0.0,652.4,1347.2,12.2,0.0,1.0,17.0,103.8,0.5735000073909761,0.8,14,12
331,3,1.0,0.8571428571428571,1.0,0.2857142857142857,0.2857142857142857,4553.285714285715,1465.2857142857142,34.285714285714285,5.0,6.0,19.571428571428573,117.42857142857143,-0.06655713809388024,0.0,10,9
333,3,0.225,0.0,0.225,0.15,0.275,2225.95,1550.825,20.075,4.0,10.0,14.7,95.025,0.31496749855577943,0.125,7,7
335,3,1.0,0.0,1.0,2.0,0.0,268.0,641.0,0.0,0.0,1.0,11.0,80.0,0.3181999921798706,0.0,20,17
340,3,0.6666666666666666,0.0,0.6666666666666666,1.6666666666666667,0.0,72329.66666666669,2926.333333333333,35.0,0.0,2.0,15.333333333333336,107.0,0.04266666869322459,0.0,12,11
342,3,0.5,0.0,0.5,1.25,0.0,472.0,424.0,1.75,1.0,4.0,19.5,114.5,0.6451749950647354,0.0,16,14
343,3,1.0,0.0,1.0,0.0,0.0,424.5,2480.0,0.5,0.0,2.0,14.0,84.0,0.6369000077247621,0.0,26,22
344,3,1.0,0.0,1.0,5.0,0.0,7527.0,31.0,253.0,0.0,1.0,17.0,128.0,0.4018999934196472,0.0,23,9
345,3,0.25,0.05,0.25,0.125,0.15,8483.125,643.725,72.275,5.0,21.0,16.025,90.25,0.10242249965667724,0.775,32,27
348,3,0.0,0.0,0.0,0.0,0.0,605.6530612244898,493.4693877551021,1.673469387755102,0.0,85.0,22.97959183673469,139.90816326530614,0.3655867324191697,0.16326530612244894,59,49
350,3,0.4,0.0,0.4,0.6,0.0,6754.8,686.6,23.0,1.0,2.0,20.4,126.0,0.4207000076770783,2.0,38,31
351,3,0.06349206349206349,0.0,0.06349206349206349,0.25396825396825395,0.0,1413.984126984127,1229.5079365079366,21.12698412698413,0.0,39.0,23.33333333333333,131.2380952380952,0.5235127098267041,0.14285714285714285,17,15
355,3,2.0,2.0,2.0,0.0,5.0,9.0,106.0,0.0,1.0,1.0,26.0,148.0,0.4939000010490418,0.0,15,13
357,3,0.9,0.2,0.9,1.1,1.9,2091.0,1661.7,36.4,3.0,8.0,16.6,102.9,0.06366999894380569,0.1,28,20
360,3,2.0,2.0,2.0,0.0,0.0,3.0,0.0,0.0,1.0,1.0,23.0,136.0,0.5422999858856201,0.0,21,18
361,3,1.0,0.0,1.0,0.3333333333333333,0.0,1026.6666666666667,1263.6666666666667,22.0,0.0,3.0,15.666666666666664,85.33333333333333,0.19220000505447388,1.0,67,56
362,3,0.14285714285714285,0.0,0.14285714285714285,0.0,0.0,2026.571428571429,1095.0,20.714285714285715,1.0,3.0,21.857142857142854,111.85714285714286,0.349057137966156,0.5714285714285714,68,57
369,3,0.0,0.0,0.0,0.0,0.0,161.33333333333334,842.0,1.0,0.0,0.0,14.0,85.66666666666667,0.8914999961853027,1.0,42,35
370,3,1.0,0.0,1.0,0.0,0.0,1100.0,2640.333333333333,8.333333333333334,0.0,3.0,13.666666666666664,83.66666666666667,0.0,0.6666666666666666,54,45
371,3,0.5,0.0,0.5,0.0,0.0,383.5,210.0,0.5,1.0,1.0,18.5,95.5,0.2293999940156937,0.0,2,2
379,3,0.5,0.0,0.5,0.0,0.0,258.0,581.5,0.0,0.0,1.0,22.0,102.0,-0.2107499986886978,0.0,64,54
382,3,1.0,0.5,1.0,0.0,1.3333333333333333,2191.333333333333,2454.833333333333,8.166666666666666,2.0,5.0,18.0,110.66666666666669,0.2649333328008652,0.0,62,52
383,3,1.0,0.0,1.0,5.0,0.0,3694.0,3489.0,44.0,0.0,1.0,18.0,113.0,0.0,0.0,57,47
385,3,1.0,1.0,1.0,1.0,1.0,133.0,0.0,0.0,1.0,1.0,27.0,140.0,0.0,0.0,69,58
386,3,1.5,1.5,1.5,0.0,0.0,3503.5,2223.5,7.0,2.0,2.0,24.0,138.5,0.7032999992370605,0.0,63,53
388,3,1.0,0.0,1.0,0.0,0.0,46.0,238.0,0.0,0.0,1.0,16.0,95.0,0.0,0.0,66,55
389,3,0.3,0.0,0.3,0.1,0.0,3715.5,741.3,6.4,0.0,3.0,16.2,100.9,-0.08382000923156738,0.0,31,26
391,3,1.0,0.0,1.0,0.0,0.0,83.0,146.0,0.0,0.0,1.0,24.0,121.0,0.8858000040054321,0.0,48,39
392,3,2.0,2.0,2.0,0.0,5.0,9.0,106.0,0.0,3.0,3.0,27.0,149.0,0.4939000010490418,0.0,27,23
393,3,0.0,0.0,0.0,0.0,0.0,1275.0,1023.0,1.0,0.0,0.0,12.0,63.0,-0.2263000011444092,2.0,43,36
395,3,2.0,2.0,2.0,0.0,5.0,9.0,106.0,0.0,2.0,2.0,27.0,149.0,0.2732000052928925,0.0,70,59
396,3,1.0,0.0,1.0,0.0,0.0,10.0,32.0,1.0,0.0,1.0,17.0,90.0,-0.12800000607967374,0.0,71,60
400,4,0.0,0.0,0.0,0.0,0.0,0.0,0.0,0.0,0.0,0.0,26.0,136.0,0.4821999967098236,0.0,0,0
401,4,0.07025047549655088,0.0010882010617057317,0.07025047549655088,1.0230793251260897,0.06043774070534354,1019.730381627381,759.8207496285922,5.42384958222542,1096.0,19126.0,20.801209322571186,127.32567492122372,0.35040280418109265,0.6506401461028208,49,40
404,4,0.4230769230769231,0.0,0.4230769230769231,0.4615384615384616,0.0,703.5384615384614,859.5384615384614,18.73076923076923,3.0,13.0,17.69230769230769,108.57692307692308,0.21673076714460665,0.19230769230769232,1,1
406,4,0.06521739130434782,0.0,0.06521739130434782,0.08695652173913042,0.0,2630.217391304348,945.4130434782608,33.56521739130435,0.0,14.0,22.195652173913047,133.32608695652175,0.08353043558157007,1.2391304347826086,3,3
408,4,0.0,0.0,0.0,0.0,0.0,1216.5,1003.1666666666665,1.3333333333333333,0.0,3.0,11.666666666666664,68.83333333333333,0.05275000135103861,0.3333333333333333,5,5
413,4,1.0,0.25,1.0,0.625,1.25,3258.625,1142.75,39.0,2.0,8.0,16.875,104.875,0.19106249511241916,0.625,4,4
415,4,0.4,0.0,0.4,1.4,0.0,422.2,363.2,19.2,0.0,2.0,11.0,72.6,0.2674399971961975,0.8,9,8
417,4,0.052083333333333336,0.03125,0.052083333333333336,0.0,0.0,862.1979166666665,516.8229166666666,11.59375,3.0,9.0,23.86458333333333,138.07291666666666,0.8515228989223639,0.8645833333333334,8,3
418,4,1.0,0.0,1.0,2.5,0.0,1895.0,1754.0,25.5,0.0,2.0,19.5,108.5,0.10114999860525133,0.0,29,24
419,4,0.0,0.0,0.0,0.0,0.0,89.66666666666669,498.33333333333326,0.0,0.0,0.0,26.0,142.66666666666666,0.9472333192825316,2.333333333333333,6,6
420,4,1.0,0.0,1.0,1.25,2.0,938.25,899.0,11.0,1.0,4.0,18.0,106.0,-0.08500000089406967,1.25,52,43
423,4,0.625,0.25,0.625,0.5,0.375,2249.0,1702.125,191.375,2.0,5.0,19.125,109.375,0.13277499843388796,0.375,22,19
427,4,0.9166666666666666,0.0,0.9166666666666666,0.5,0.5,773.75,890.9166666666665,8.166666666666666,8.0,12.0,21.91666666666667,123.83333333333331,0.0,0.08333333333333333,13,6
430,4,1.0,0.0,1.0,2.0,0.0,272.0,641.0,0.0,0.0,1.0,11.0,80.0,0.3181999921798706,0.0,20,17
433,4,0.21428571428571427,0.0,0.21428571428571427,0.023809523809523808,0.0,736.452380952381,670.452380952381,5.214285714285714,3.0,11.0,18.404761904761905,113.42857142857143,0.36923571676015854,0.14285714285714285,7,7
438,4,1.0,0.0,1.0,0.0,0.0,32.0,356.0,0.0,0.0,1.0,14.0,95.0,0.0,0.0,33,2
439,4,0.6666666666666666,0.25,0.6666666666666666,1.75,0.75,3568.25,907.1666666666665,28.08333333333333,4.0,9.0,18.25,116.75,-0.16554999351501465,0.25,10,9
440,4,0.0,0.0,0.0,0.0,0.0,136.0,220.33333333333331,3.333333333333333,0.0,0.0,26.0,138.66666666666666,0.7486666639645895,0.0,38,31
441,4,1.0,0.25,1.0,0.0,0.25,1644.75,1879.25,11.25,2.0,3.0,22.5,133.25,0.3971749842166901,0.0,16,14
442,4,1.0,0.0,1.0,5.0,0.0,3692.0,3488.0,44.0,0.0,1.0,17.0,104.0,0.0,0.0,18,2
449,4,2.0,2.0,2.0,0.0,0.0,3503.0,2223.0,7.0,1.0,1.0,23.0,135.0,0.7032999992370605,0.0,63,53
450,4,0.18421052631578946,0.0,0.18421052631578946,0.2631578947368421,0.3684210526315789,655.3157894736843,719.7105263157895,8.973684210526315,6.0,30.0,14.342105263157894,87.94736842105263,0.14530789381579348,1.236842105263158,32,27
451,4,0.06194690265486725,0.0,0.06194690265486725,0.2743362831858407,0.0,889.0353982300885,876.0973451327434,9.49557522123894,2.0,48.0,22.929203539823014,134.88495575221242,0.4091097382185733,0.3805309734513274,17,15
452,4,1.0,0.4,1.0,3.8,0.6,6504.6,1496.8,188.0,1.0,4.0,19.2,131.4,0.173499995470047,0.0,23,9
459,4,1.0,0.4,1.0,1.0,0.0,1989.2,1954.4,4.4,1.0,4.0,15.4,98.2,0.2334399938583374,0.0,54,45
460,4,0.5,0.0,0.5,0.0,0.0,71.5,86.0,0.0,0.0,2.0,22.5,140.0,0.3698499947786331,1.0,59,49
462,4,1.0,0.0,1.0,5.0,0.0,13.0,6.0,0.0,0.0,1.0,18.0,104.0,0.6369000077247621,0.0,26,22
463,4,0.1,0.0,0.1,0.0,0.0,1137.8,784.4,7.3,1.0,1.0,23.0,130.4,0.2688500046730041,0.0,2,2
466,4,1.0,0.0,1.0,3.0,0.0,1360.0,2147.0,120.0,0.0,1.0,16.0,102.0,0.3251999914646149,0.0,65,53
470,4,0.3684210526315789,0.05263157894736842,0.3684210526315789,0.2631578947368421,0.0,2164.5263157894738,2233.4736842105262,51.0,2.0,7.0,18.84210526315789,113.42105263157896,0.1448736839780682,0.10526315789473684,28,20
482,4,0.0,0.0,0.0,0.0,0.0,2732.5,184.5,15.0,0.0,0.0,21.5,104.5,-0.0981999933719635,1.5,72,34
485,4,0.0,0.0,0.0,0.0,0.0,16704.0,2242.0,141.0,0.0,1.0,23.0,114.0,0.0,0.0,68,57
488,4,1.0,0.3333333333333333,1.0,0.0,0.0,15533.666666666664,10459.0,813.6666666666665,1.0,3.0,18.0,125.0,0.11333333452542622,0.6666666666666666,62,52
489,4,1.0,0.0,1.0,0.0,0.0,2254.0,2172.0,68.0,1.0,2.0,19.0,118.0,-0.021449999883770943,0.0,57,47
494,4,0.4375,0.0625,0.4375,0.25,0.0,8383.3125,3144.0,33.6875,2.0,6.0,17.5625,99.8125,0.13436249643564224,0.25,73,61
495,4,0.0,0.0,0.0,0.0,0.0,721.0,698.0,5.0,0.0,0.0,12.5,86.5,-0.2859500050544739,0.0,69,58
499,4,0.5,0.0,0.5,0.0,0.0,232.5,555.5,1.5,1.0,1.0,26.0,111.0,0.22095000743865967,0.0,41,34
500,5,0.0728800152742547,0.0014228695596832412,0.0728800152742547,2.113593177499568,0.06161070652519798,769.0896544199875,694.595309530953,4.302780278027804,2100.0,34412.0,17.92364691014556,113.14489176190348,0.2942844243059131,0.5406631572248134,49,40
505,5,1.0,0.0,1.0,0.0,9.0,2.0,5.0,0.0,1.0,1.0,19.0,139.0,0.457399994134903,2.0,74,62
506,5,0.42105263157894735,0.0,0.42105263157894735,0.21052631578947367,0.0,1152.2105263157896,1674.052631578947,13.842105263157894,2.0,8.0,15.63157894736842,92.63157894736842,0.11987894538201785,0.2631578947368421,1,1
507,5,0.25806451612903225,0.0,0.25806451612903225,0.0967741935483871,0.0,1796.838709677419,1208.0,27.483870967741932,4.0,11.0,20.161290322580644,119.64516129032258,0.4608935547932502,0.12903225806451613,3,3
508,5,0.0,0.0,0.0,2.0,0.0,466.0,15.0,69.0,0.0,0.0,17.0,140.0,0.2960000038146973,0.0,51,42
510,5,0.6,0.1,0.6,0.8,0.3,1477.2,1138.2,9.8,3.0,7.0,20.2,116.5,0.2639000028371811,0.1,5,5
513,5,0.0,0.0,0.0,0.0,0.0,37.0,1.0,0.0,0.0,0.0,12.0,65.0,0.6369000077247621,0.0,11,10
516,5,0.6,0.4,0.6,0.0,0.0,2766.4,2831.4,6.2,1.0,2.0,17.0,91.8,0.18605999350547792,0.2,9,8
517,5,1.0,0.25,1.0,2.25,1.25,6046.5,1346.375,113.25,2.0,7.0,17.0,114.375,0.1902249958366156,0.25,4,4
520,5,1.0,0.0,1.0,0.0,0.0,655.0,1180.0,4.0,0.0,1.0,17.0,110.0,0.0,0.0,52,43
522,5,0.21739130434782608,0.08695652173913042,0.21739130434782608,0.0,0.0,922.9130434782608,738.6521739130435,18.08695652173913,3.0,5.0,22.0,127.1304347826087,0.3741999929365905,0.13043478260869565,8,3
523,5,1.1666666666666667,0.16666666666666666,1.1666666666666667,0.5,0.0,908.5,877.0,4.166666666666667,1.0,6.0,16.833333333333332,101.33333333333331,0.09038333098093668,0.0,54,45
524,5,0.3333333333333333,0.0,0.3333333333333333,1.1666666666666667,0.0,1080.0,1102.0,22.16666666666667,1.0,2.0,24.33333333333333,138.83333333333334,0.5765833258628845,1.0,6,6
527,5,0.9166666666666666,0.16666666666666666,0.9166666666666666,0.5833333333333334,0.25,2226.4166666666665,1705.166666666667,20.0,2.0,10.0,18.25,110.58333333333331,0.220633327960968,0.0,22,19
531,5,1.25,0.5,1.25,0.75,0.125,1209.625,760.125,35.25,3.0,8.0,20.5,112.75,0.18586249463260174,0.125,13,6
532,5,1.0,0.0,1.0,3.0,0.0,167.0,69.0,86.0,0.0,1.0,15.0,83.0,0.27140000462532043,0.0,38,31
533,5,0.0,0.0,0.0,1.0,0.0,1337.0,919.0,13.0,0.0,1.0,16.0,110.0,0.2924000024795532,0.0,33,2
538,5,0.14102564102564102,0.02564102564102564,0.14102564102564102,0.0641025641025641,0.02564102564102564,1957.7564102564106,1266.974358974359,8.8974358974359,5.0,20.0,20.55128205128205,123.02564102564102,0.3056666648540741,0.19230769230769232,7,7
542,5,0.0,0.0,0.0,0.0,0.0,161.0,844.0,1.0,0.0,0.0,13.0,89.0,0.8597000241279602,0.0,42,35
544,5,0.0,0.0,0.0,0.0,0.0,365.5,367.0,2.1666666666666665,0.0,1.0,21.5,119.66666666666669,0.0047333290179570504,1.0,16,14
547,5,0.06976744186046513,0.0,0.06976744186046513,0.992248062015504,0.015503875968992246,16960.968992248057,1226.1937984496124,52.488372093023266,4.0,127.0,22.085271317829452,139.5271317829457,-0.4886519382743872,0.8992248062015504,10,9
548,5,0.08333333333333333,0.03333333333333333,0.08333333333333333,0.5333333333333333,0.15,825.2333333333332,840.3666666666667,4.466666666666667,5.0,7.0,22.18333333333333,135.98333333333332,0.31730333206554256,0.45,17,15
549,5,1.3333333333333333,0.6666666666666666,1.3333333333333333,3.0,1.3333333333333333,1422.333333333333,1461.333333333333,23.0,1.0,3.0,17.666666666666668,126.66666666666669,0.18076666196187335,0.0,12,11
550,5,0.6666666666666666,0.16666666666666666,0.6666666666666666,1.3333333333333333,1.6666666666666667,2179.1666666666665,699.1666666666665,14.333333333333336,3.0,4.0,17.166666666666668,104.0,0.5869333247343699,1.5,75,63
553,5,0.25,0.0,0.25,0.125,0.0,499.45833333333326,454.75,8.166666666666666,2.0,7.0,18.75,104.5,0.08003749636312325,0.5833333333333334,32,27
555,5,0.0,0.0,0.0,0.0,0.0,155.5,151.5,5.5,0.0,0.0,16.0,83.0,0.3244499936699867,0.5,72,34
558,5,1.0,1.0,1.0,4.0,7.0,17.0,108.0,0.0,1.0,1.0,19.0,135.0,0.0,0.0,2,2
565,5,0.42857142857142855,0.14285714285714285,0.42857142857142855,0.2857142857142857,0.2857142857142857,381.28571428571433,776.4285714285713,1.7142857142857142,1.0,7.0,24.142857142857146,137.57142857142858,0.2910285677228655,0.0,59,49
567,5,1.0,0.0,1.0,5.0,0.0,113.0,323.0,0.0,0.0,1.0,16.0,127.0,0.0,0.0,23,9
568,5,1.0,0.2222222222222222,1.0,1.1111111111111112,2.7777777777777777,7750.333333333332,7886.555555555556,29.555555555555557,3.0,7.0,16.444444444444443,100.44444444444444,0.0,0.0,28,20
571,5,1.0,0.5,1.0,0.0,0.0,1748.5,1251.0,3.5,1.0,2.0,16.5,100.5,0.5391000062227249,0.5,63,53
572,5,1.0,2.0,1.0,0.0,0.0,15.0,145.0,0.0,1.0,1.0,24.0,125.0,0.5105999708175659,0.0,62,52
576,5,1.0,0.0,1.0,2.0,0.0,272.0,641.0,0.0,0.0,1.0,15.0,100.0,0.7717000246047974,0.0,76,64
578,5,1.0,0.0,1.0,0.0,0.0,7058.0,6830.0,81.0,0.0,1.0,16.0,101.0,0.0,4.0,66,55
581,5,1.0,0.0,1.0,0.0,0.0,315.0,265.0,1.0,0.0,2.0,15.0,78.0,0.6369000077247621,0.0,26,22
582,5,1.0,0.0,1.0,0.0,0.0,1412.0,1235.0,11.0,0.0,1.0,16.0,109.0,0.3817999958992005,6.0,70,59
584,5,0.024390243902439025,0.0,0.024390243902439025,0.07317073170731707,0.0,2747.1463414634145,805.170731707317,6.609756097560974,0.0,36.0,20.60975609756097,115.65853658536585,0.7871414419354462,1.6829268292682926,68,57
587,5,0.0,0.0,0.0,0.0,0.0,4775.666666666667,1517.333333333333,29.33333333333333,0.0,0.0,16.333333333333332,87.0,0.0936333288749059,2.0,73,61
601,6,0.07154851824405632,0.0018492205399452035,0.07154851824405632,1.830619556866931,0.017710365832931084,876.5652836038045,664.3405421207567,4.434519236652639,702.0,24296.0,18.26271169156089,113.86115209159081,0.3064011367936322,1.0408664142118038,49,40
603,6,1.0,0.0,1.0,3.0,7.0,3513.0,3215.0,61.0,1.0,1.0,20.0,138.0,0.12800000607967374,0.0,50,41
605,6,0.3225806451612903,0.06451612903225806,0.3225806451612903,0.8387096774193549,0.0,880.8709677419354,756.0,23.87096774193548,2.0,10.0,20.741935483870968,125.35483870967742,0.2473870929210417,1.1612903225806452,1,1
608,6,0.0379746835443038,0.012658227848101266,0.0379746835443038,0.0,0.0,1495.9620253164558,841.1772151898733,13.20253164556962,2.0,7.0,22.70886075949367,136.20253164556962,0.3048025247039674,0.02531645569620253,3,3
610,6,0.3333333333333333,0.0,0.3333333333333333,0.0,0.0,1213.6666666666667,669.3333333333334,10.666666666666666,1.0,3.0,18.0,93.33333333333331,0.2058833340803782,0.0,5,5
616,6,0.15,0.06666666666666668,0.15,0.7833333333333333,0.0,3165.366666666667,2499.233333333333,15.783333333333333,5.0,50.0,17.833333333333332,110.83333333333331,-0.14913333480556806,0.7333333333333333,9,8
617,6,1.0,0.25,1.0,2.0,0.0,6472.0,1687.75,47.0,1.0,3.0,20.75,116.5,0.1592250019311905,0.0,29,24
620,6,1.0,0.0,1.0,1.0,7.0,3511.0,3215.0,61.0,1.0,1.0,18.0,132.0,0.0,0.0,11,10
621,6,0.7857142857142857,0.0,0.7857142857142857,0.5,0.0,3797.785714285714,853.8571428571429,25.142857142857146,0.0,11.0,14.785714285714285,96.42857142857143,0.0880000005875315,0.14285714285714285,4,4
623,6,0.062015503875968984,0.007751937984496123,0.062015503875968984,0.03875968992248062,0.0,1816.248062015504,1367.077519379845,9.108527131782946,1.0,10.0,9.511627906976743,60.03875968992248,0.5621511511100356,0.0,8,3
624,6,1.0,0.0,1.0,0.0,0.0,19071.5,18482.0,47.0,0.0,2.0,16.5,111.0,0.7443999946117401,0.5,6,6
629,6,0.8666666666666667,0.13333333333333333,0.8666666666666667,0.6,0.4666666666666667,55774.66666666666,26811.4,202.26666666666668,3.0,12.0,18.666666666666668,109.26666666666668,0.2736733287572861,0.0,22,19
631,6,0.0,0.0,0.0,0.0,0.0,6165.5,354.5,88.5,0.0,0.0,15.5,80.0,0.30424999445676804,0.0,38,31
632,6,0.6666666666666666,0.0,0.6666666666666666,0.0,3.333333333333333,1485.333333333333,1538.0,32.666666666666664,2.0,2.0,26.66666666666667,139.33333333333334,0.0,1.3333333333333333,13,6
633,6,0.5,0.0,0.5,0.0,0.0,339.5,354.0,0.5,0.0,1.0,15.0,85.0,0.2293999940156937,0.0,33,2
635,6,1.5,1.0,1.5,2.5,0.0,1799.0,1273.0,3.5,1.0,2.0,17.0,115.0,0.2711499929428101,0.0,54,45
638,6,0.25,0.05555555555555555,0.25,0.1388888888888889,0.4444444444444444,820.1944444444445,894.1944444444445,6.166666666666668,4.0,15.0,22.41666666666667,126.61111111111113,0.3864333348141776,0.16666666666666666,7,7
639,6,1.0,0.0,1.0,0.0,0.0,25.0,59.5,0.0,0.0,2.0,21.0,111.0,0.7660000026226044,1.5,72,34
641,6,1.0,0.0,1.0,0.0,0.0,3.0,9.0,0.0,0.0,1.0,17.0,107.0,0.0,0.0,42,35
642,6,2.0,1.0,2.0,0.0,1.0,952.0,3405.0,12.0,1.0,1.0,24.0,140.0,0.0,0.0,36,30
644,6,1.0,0.0,1.0,5.0,0.0,3731.0,3533.0,44.0,0.0,1.0,17.0,100.0,0.38019999861717213,0.0,20,17
645,6,1.0,0.0,1.0,0.0,0.0,196.0,168.0,2.0,0.0,1.0,15.0,75.0,0.0,0.0,18,2
649,6,1.0,0.0,1.0,0.5,0.0,5111.25,3873.5,59.5,0.0,4.0,19.5,118.0,-0.6220249831676483,0.0,77,65
650,6,0.25,0.0,0.25,0.0,0.0,526.0,891.25,3.0,0.0,1.0,15.5,84.75,0.7963999956846237,0.0,16,14
652,6,0.06,0.0,0.06,0.04,0.1,1188.84,1001.6,7.1,1.0,8.0,20.16,114.54,0.6844219879806042,0.08,17,15
659,6,0.5,0.0,0.5,0.21428571428571427,0.0,841.9285714285713,422.46428571428567,10.535714285714286,6.0,17.0,18.392857142857142,107.53571428571428,0.21781428677162956,2.607142857142857,32,27
663,6,1.0,0.0,1.0,0.2,0.0,850.0,944.8,1.8,1.0,5.0,16.4,109.2,0.13092000186443328,0.0,62,52
664,6,1.0,0.0,1.0,2.0,0.0,273.0,641.0,0.0,0.0,1.0,15.0,100.0,0.7717000246047974,0.0,76,64
667,6,0.0,0.0,0.0,0.0,0.0,346.0,406.8,2.6,0.0,5.0,25.0,140.0,0.5092999935150146,0.0,59,49
669,6,0.8888888888888888,0.4444444444444444,0.8888888888888888,1.0,2.4444444444444446,1888.4444444444446,802.5555555555555,28.555555555555557,4.0,7.0,18.33333333333333,115.44444444444444,0.4279999964767032,2.1111111111111107,75,63
671,6,0.6666666666666666,0.0,0.6666666666666666,0.0,0.0,7068.0,7852.333333333332,159.33333333333334,0.0,2.0,16.666666666666668,99.0,0.05930000046888988,0.0,28,20
673,6,1.0,0.0,1.0,0.0,0.0,388.0,149.0,5.0,0.0,1.0,21.0,110.0,0.0,0.0,23,9
678,6,1.5,1.5,1.5,0.0,0.0,3458.0,2221.5,7.0,2.0,2.0,24.0,138.5,0.7032999992370605,0.0,63,53
679,6,0.0,0.0,0.0,0.0,0.0,199.63636363636363,303.54545454545456,1.2727272727272727,0.0,4.0,18.545454545454547,101.54545454545456,0.22560908577658914,0.7272727272727273,68,57
686,6,0.375,0.0,0.375,0.0,0.0,257.25,458.25,0.625,1.0,3.0,19.75,108.0,0.4122375026345253,2.375,73,61
688,6,0.2814070351758794,0.06532663316582915,0.2814070351758794,0.271356783919598,0.02010050251256281,1321.5477386934676,648.427135678392,11.693467336683414,15.0,115.0,20.20603015075377,123.08040201005024,0.7109391897561113,0.8894472361809045,78,66
694,6,1.0,0.0,1.0,0.0,0.0,81.0,159.0,0.0,1.0,1.0,29.0,140.0,0.7997000217437744,0.0,79,67
696,6,0.5,0.0,0.5,0.0,0.0,1341.5,973.0,2.0,1.0,1.0,28.0,142.0,-0.15690001845359802,0.5,80,68
701,7,0.03892701360548996,0.0009903841426153164,0.03892701360548996,2.0371920853556604,0.022336323216430545,798.0442160863672,667.6225442336464,4.114329664463472,771.0,31546.0,17.743623963081852,111.87771916639156,0.300247402476021,1.1298878267038468,49,40
702,7,0.0,0.0,0.0,0.0,0.0,150.0,501.0,2.0,0.0,0.0,16.0,83.0,0.44040000438690186,0.0,0,0
704,7,1.0,0.0,1.0,3.0,7.0,3512.0,3220.0,61.0,1.0,1.0,20.0,138.0,0.12800000607967374,0.0,50,41
705,7,0.5,0.0,0.5,0.25,0.0,1078.0625,1422.875,12.3125,1.0,8.0,19.1875,116.5,0.031756247393786914,0.5,1,1
710,7,0.0784313725490196,0.0392156862745098,0.0784313725490196,0.0196078431372549,0.0,1126.6470588235295,720.6666666666665,14.84313725490196,3.0,6.0,22.098039215686274,134.0,0.06572941062497158,0.8235294117647058,3,3
712,7,1.0,0.5,1.0,0.0,7.0,199.0,26.0,0.0,2.0,2.0,24.5,129.0,0.2390500158071518,3.0,5,5
717,7,0.03934426229508197,0.003278688524590164,0.03934426229508197,0.07868852459016394,0.032786885245901634,1853.849180327869,1144.7245901639344,14.255737704918035,6.0,260.0,23.380327868852454,129.35737704918031,0.6450583453793994,0.016393442622950817,81,69
719,7,0.5,0.0,0.5,2.5,0.0,2017.5,1821.0,23.0,0.0,1.0,14.0,79.0,0.0,0.0,29,24
720,7,0.4126984126984127,0.047619047619047616,0.4126984126984127,0.09523809523809523,0.15873015873015872,1373.0,1137.5079365079366,32.49206349206349,13.0,29.0,19.920634920634924,114.49206349206351,0.4102682528337316,0.09523809523809523,82,70
721,7,0.4,0.1,0.4,0.1,0.6,1538.6,1186.5,12.5,2.0,5.0,18.1,107.2,0.164479997754097,0.2,9,8
727,7,0.11594202898550725,0.05797101449275361,0.11594202898550725,0.14492753623188406,0.10144927536231883,1898.9855072463768,1015.5362318840581,19.10144927536232,5.0,9.0,24.02898550724637,135.30434782608697,0.7580623177514559,0.8405797101449275,8,3
728,7,0.5,0.0,0.5,2.0,1.75,1141.75,1446.25,18.0,1.0,2.0,17.25,108.0,0.4685499966144562,1.0,6,6
730,7,1.5,0.5,1.5,2.5,5.0,6045.0,2743.5,129.0,1.0,2.0,21.5,131.0,0.3919999897480011,1.0,4,4
734,7,0.0,0.0,0.0,0.0,0.0,653.0,726.0,23.285714285714285,0.0,0.0,20.571428571428573,130.85714285714286,0.5443428520645414,0.0,38,31
736,7,0.6666666666666666,0.0,0.6666666666666666,0.0,0.0,57422.0,48465.66666666666,123.66666666666669,0.0,2.0,15.0,88.66666666666669,-0.11373333136240643,0.0,83,71
738,7,0.0,0.0,0.0,1.0,0.0,473.0,1830.0,11.0,0.0,0.0,12.0,66.0,0.0,0.0,13,6
743,7,1.0,0.0,1.0,3.333333333333333,4.666666666666667,2794.333333333333,2448.333333333333,60.33333333333334,2.0,3.0,18.666666666666668,115.66666666666669,0.6369000077247621,0.0,72,34
746,7,0.5,0.0,0.5,1.5,2.0,22865.83333333333,7058.5,105.33333333333331,2.0,3.0,20.83333333333333,123.16666666666669,0.2464333325624466,0.16666666666666666,22,19
750,7,1.0,0.0,1.0,2.833333333333333,0.0,1308.6666666666667,1192.0,5.166666666666667,0.0,6.0,16.333333333333332,115.66666666666669,0.20829999446868894,0.0,54,45
752,7,1.0,0.0,1.0,2.0,0.0,277.5,641.0,0.0,0.0,2.0,12.0,83.0,0.0,0.0,64,54
754,7,0.15625,0.0625,0.15625,0.125,0.21875,2887.09375,1330.4375,14.90625,3.0,21.0,15.46875,96.5,0.3087562485598028,0.0,7,7
758,7,0.055301455301455305,0.005197505197505198,0.055301455301455305,0.6548856548856549,0.019542619542619544,977.66632016632,543.4823284823285,3.922869022869023,51.0,2255.0,19.92349272349273,132.53014553014552,0.3954263623486314,0.6538461538461539,84,72
761,7,0.6,0.0,0.6,0.0,0.0,286.0,283.8,0.2,0.0,3.0,16.8,96.0,0.3976599901914597,0.0,16,14
762,7,1.0,0.0,1.0,0.0,0.0,760.0,798.0,1.0,0.0,1.0,13.0,95.0,0.8126000165939331,0.0,85,73
763,7,0.0,0.0,0.0,0.0,0.0,312.25,358.484375,0.375,0.0,17.0,26.25,142.5,0.5092999935150146,0.0,59,49
766,7,0.5,0.0,0.5,0.0,0.0,109.5,70.0,0.0,0.0,1.0,14.5,78.0,-0.18019999563694,0.0,2,2
767,7,1.0,0.0,1.0,0.0,0.0,334.0,521.0,0.0,0.0,1.0,19.0,114.0,0.8590999841690063,0.0,76,64
768,7,0.5238095238095238,0.0,0.5238095238095238,0.0,0.0,2002.333333333333,563.4285714285714,34.57142857142857,4.0,14.0,18.476190476190478,110.57142857142857,0.07455714117913019,2.0,32,27
769,7,1.0,0.0,1.0,5.0,0.0,3731.0,3529.0,44.0,0.0,1.0,17.0,100.0,0.38019999861717213,0.0,20,17
774,7,1.0,0.0,1.0,1.0,0.0,3903.0,676.5,8.0,0.0,2.0,15.5,90.5,0.08895000070333481,0.0,66,55
776,7,0.2222222222222222,0.0,0.2222222222222222,0.6666666666666666,0.0,691.2777777777777,785.9444444444445,4.777777777777779,2.0,11.0,18.277777777777782,123.11111111111113,0.5219333312577672,0.6111111111111112,17,15
779,7,0.2857142857142857,0.0,0.2857142857142857,0.7142857142857143,1.0,645.8571428571429,820.5714285714287,9.714285714285714,1.0,2.0,12.571428571428573,81.28571428571429,0.236685716680118,0.0,75,63
780,7,0.6666666666666666,0.3333333333333333,0.6666666666666666,0.6666666666666666,0.6666666666666666,939.6666666666665,1730.333333333333,2.333333333333333,1.0,2.0,18.666666666666668,123.66666666666669,0.3605666657288869,0.6666666666666666,62,52
782,7,0.0,0.0,0.0,0.0,0.0,3234.6785714285716,1978.5357142857144,9.821428571428571,0.0,26.0,18.0,112.85714285714286,0.024285714541162764,0.14285714285714285,86,74
788,7,0.6666666666666666,1.0,0.6666666666666666,0.3333333333333333,0.3333333333333333,8.666666666666666,8.0,0.0,2.0,2.0,19.666666666666668,109.66666666666669,0.12816667556762695,0.3333333333333333,28,20
789,7,0.0,0.0,0.0,0.0,0.0,713.0,2365.0,6.0,0.0,1.0,21.0,110.0,-0.02580000087618828,0.0,77,65
792,7,1.0,0.0,1.0,0.0,0.0,10.0,76.0,0.0,1.0,1.0,28.0,140.0,0.0,0.0,87,38
793,7,0.6666666666666666,0.0,0.6666666666666666,2.0,0.0,1771.333333333333,931.3333333333335,25.66666666666667,1.0,2.0,16.666666666666668,103.0,0.4923666715621948,0.6666666666666666,68,57
794,7,1.0,0.0,1.0,5.0,0.0,7517.0,31.0,253.0,0.0,1.0,17.0,128.0,0.4018999934196472,0.0,23,9
797,7,1.3333333333333333,1.3333333333333333,1.3333333333333333,0.0,0.0,3456.666666666666,2220.333333333333,7.0,3.0,3.0,22.66666666666667,131.66666666666666,0.7198666731516519,0.0,63,53
801,8,0.0,0.0,0.0,1.0,0.0,730.0,768.5,7.0,0.0,0.0,22.0,114.0,0.5092999935150146,0.0,0,0
803,8,0.1129032258064516,0.03225806451612903,0.1129032258064516,0.6612903225806451,0.04838709677419355,1054.8387096774193,864.6451612903226,9.064516129032258,2.0,9.0,20.016129032258068,109.83870967741936,0.33656612387107265,0.25806451612903225,1,1
804,8,0.03839697859840537,0.0012064624422996222,0.03839697859840537,1.794079591551266,0.02138410966568751,1009.8628304657994,741.8649286613513,5.32668904741922,356.0,11228.0,18.685830186040004,116.12597915792419,0.28862794158982985,0.44422296824730734,49,40
808,8,0.2127659574468085,0.06382978723404255,0.2127659574468085,0.14893617021276595,0.0,2484.7021276595747,1056.2127659574471,31.46808510638298,6.0,23.0,21.446808510638302,129.3404255319149,0.3486723408420035,0.5957446808510638,3,3
810,8,0.0,0.0,0.0,0.25,0.0,3987.75,2875.25,3.5,0.0,2.0,21.0,108.0,0.1468000002205372,1.5,5,5
811,8,0.2857142857142857,0.07142857142857142,0.2857142857142857,0.023809523809523808,0.047619047619047616,1193.357142857143,1283.7619047619048,42.476190476190474,4.0,14.0,22.66666666666667,123.61904761904762,0.4761952335635821,0.0,82,70
813,8,2.0,1.0,2.0,0.0,0.0,1788.0,2502.0,52.0,1.0,1.0,22.0,140.0,0.4214999973773956,0.0,88,75
815,8,0.5,0.0,0.5,0.0,4.0,1678.0,1332.5,2.5,1.0,1.0,23.0,119.5,0.16910000145435333,2.0,52,43
816,8,1.0,0.0,1.0,0.0,0.0,1711.333333333333,2073.333333333333,93.66666666666669,0.0,3.0,14.666666666666664,83.33333333333333,0.0,0.0,29,24
818,8,0.14814814814814814,0.0,0.14814814814814814,0.7037037037037037,0.0,684.074074074074,737.1851851851852,6.222222222222222,1.0,7.0,20.777777777777782,110.33333333333331,0.4603666625916958,0.07407407407407407,9,8
821,8,0.07971014492753623,0.007246376811594203,0.07971014492753623,0.3840579710144928,0.1956521739130435,72160.81884057971,1028.2826086956522,154.81884057971016,6.0,33.0,10.623188405797102,70.89855072463769,0.07272681107987529,0.0,81,69
824,8,0.1875,0.0,0.1875,0.0,0.0,887.25,1016.125,13.375,1.0,4.0,10.8125,64.6875,0.5536312432959676,0.0,8,3
825,8,1.0,0.0,1.0,0.0,0.0,5.0,41.0,0.0,0.0,1.0,15.0,99.0,0.0,0.0,38,31
826,8,0.25,0.0,0.25,0.75,0.0,1137.5,281.75,13.25,0.0,1.0,15.5,95.75,0.6199000030755997,0.25,6,6
828,8,0.75,0.0,0.75,2.5,3.5,1758.5,1613.0,31.0,2.0,3.0,18.0,109.75,0.6450750082731247,0.0,72,34
830,8,1.2,0.2,1.2,1.0,2.0,4609.6,1151.2,45.4,1.0,5.0,16.4,115.0,0.2537600100040436,2.4,4,4
832,8,0.8,0.2,0.8,2.2,0.0,801.4,700.4,9.4,1.0,4.0,18.6,110.8,0.01697999835014343,0.0,54,45
834,8,0.375,0.125,0.375,1.375,2.5,1776.75,1808.25,8.0,1.0,3.0,21.875,117.5,0.4400124937528744,0.0,13,6
841,8,1.0,0.0,1.0,2.0,0.0,285.0,645.0,0.0,0.0,1.0,14.0,96.0,0.0,0.0,30,25
843,8,1.0,0.0,1.0,0.0,0.0,426.0,505.0,0.0,0.0,2.0,19.0,116.0,0.0,0.0,36,30
845,8,1.0,0.3333333333333333,1.0,0.6666666666666666,0.3333333333333333,1369.888888888889,1517.888888888889,10.777777777777779,3.0,8.0,20.777777777777782,120.66666666666669,0.012311112549569871,0.0,22,19
846,8,1.0,0.0,1.0,0.0,0.0,247.5,439.0,0.0,0.0,2.0,14.0,96.0,0.5543000102043152,1.0,85,73
849,8,0.045454545454545456,0.0,0.045454545454545456,0.0,0.0,2850.7272727272725,879.7272727272727,33.59090909090909,0.0,6.0,16.09090909090909,99.86363636363636,0.22479999844323506,0.5909090909090909,7,7
851,8,1.0,0.0,1.0,0.0,0.0,484.0,186.0,2.0,0.0,1.0,13.0,85.0,0.4587999880313873,0.0,16,14
858,8,0.6666666666666666,0.1111111111111111,0.6666666666666666,1.2222222222222223,1.5555555555555556,985.8888888888887,989.4444444444445,18.222222222222218,4.0,6.0,16.11111111111111,99.77777777777777,0.18882222142484453,0.1111111111111111,75,63
859,8,0.25,0.03571428571428571,0.25,0.0,0.03571428571428571,737.4642857142858,755.5714285714287,7.0,2.0,8.0,16.5,89.7857142857143,0.0653892835336072,0.07142857142857142,32,27
863,8,1.0,0.0,1.0,0.0,0.0,171.0,383.5,1.0,0.0,2.0,13.5,88.5,0.0,0.0,62,52
867,8,0.6,0.0,0.6,0.0,0.0,1521.8,1692.8,2.0,2.0,3.0,18.8,112.2,0.22486000061035155,0.0,28,20
868,8,0.5,0.0,0.5,2.5,0.0,127.0,106.5,1.0,0.0,2.0,18.0,132.5,0.2293999940156937,0.0,89,25
876,8,0.0,0.0,0.0,0.0,0.0,2003.5,456.1,22.6,0.0,0.0,26.4,131.6,0.3672300040721893,0.0,68,57
877,8,1.0,0.0,1.0,0.0,0.0,807.0,2212.0,14.0,0.0,1.0,14.0,75.0,0.0,0.0,90,76
884,8,0.1564245810055866,0.0111731843575419,0.1564245810055866,1.1089385474860336,0.4608938547486034,719.4050279329608,646.477653631285,5.773743016759776,53.0,129.0,21.441340782122904,124.46648044692738,0.5599955319733926,0.446927374301676,17,15
886,8,1.2,0.4,1.2,3.8,0.6,4214.2,1224.8,109.4,1.0,5.0,18.4,126.6,0.1607599973678589,0.0,23,9
891,8,0.0,0.0,0.0,0.0,0.0,340.0,266.25,0.5,0.0,0.0,10.5,53.5,0.25907500088214874,0.5,87,38
892,8,1.0,0.0,1.0,0.0,0.0,3.0,28.0,0.0,1.0,1.0,25.0,140.0,0.7839999794960022,0.0,91,77
897,8,0.16,0.0,0.16,0.12,0.0,495.08,470.92,9.36,4.0,8.0,17.4,90.24,0.19383200287818908,0.12,92,78
899,8,0.0,0.0,0.0,0.0,0.0,1346.6666666666667,456.66666666666674,28.33333333333333,0.0,3.0,20.166666666666668,109.33333333333331,0.098983330031236,1.0,73,61
901,9,0.0,0.0,0.0,1.0,0.0,1.0,3.0,0.0,0.0,0.0,19.0,98.0,0.4587999880313873,0.0,0,0
903,9,0.375,0.0,0.375,1.375,0.2916666666666667,30884.70833333333,12948.583333333336,215.04166666666663,1.0,9.0,16.708333333333332,98.125,0.2675166614353657,0.04166666666666666,1,1
906,9,0.10932139794168096,0.002224485420240137,0.10932139794168096,0.4449238850771869,0.01187285591766724,1176.6013614922813,785.3087210548885,5.804459691252143,247.0,8381.0,21.815260506003426,130.03020475986278,0.36585654178394666,0.7346162092624356,49,40
910,9,0.08695652173913042,0.0,0.08695652173913042,0.0,0.0,3895.8260869565215,1649.3478260869565,41.869565217391305,1.0,4.0,21.73913043478261,130.3913043478261,-0.012200003084929092,1.2608695652173914,3,3
911,9,1.0,0.5,1.0,0.5,1.0,1562.0,507.5,28.5,1.0,1.0,19.0,108.5,-0.0004999935626983644,0.0,5,5
915,9,0.0,0.0,0.0,0.0,0.0,658.0,478.0,1.0,0.0,0.0,7.0,39.0,0.0,3.0,52,43
916,9,1.0,0.0,1.0,1.0,0.0,660.0,685.0,5.0,0.0,1.0,17.0,90.0,0.17790000140666962,0.0,29,24
918,9,0.02564102564102564,0.0,0.02564102564102564,0.8717948717948718,0.008547008547008548,244.51282051282055,297.61538461538464,2.299145299145299,2.0,22.0,20.21367521367521,110.55555555555556,0.5011948643522894,0.034188034188034185,9,8
920,9,0.12658227848101267,0.02531645569620253,0.12658227848101267,0.10126582278481013,0.08860759493670886,2276.772151898734,1802.6708860759495,66.92405063291139,3.0,18.0,24.69620253164557,128.77215189873414,0.3111974699776384,0.21518987341772156,82,70
922,9,0.75,0.0,0.75,1.25,0.0,690.0,1453.75,14.0,0.0,3.0,15.75,104.75,0.09030000120401382,0.0,54,45
924,9,0.8,0.8,0.8,1.6,1.6,963.8,1471.0,4.8,2.0,4.0,17.0,103.0,0.6959400057792664,0.2,72,34
925,9,1.0,0.6,1.0,1.0,1.0,417.0,690.2,3.8,2.0,4.0,17.4,104.2,0.4133400022983551,0.6,38,31
927,9,1.0,0.0,1.0,0.5,0.0,2755.0,2786.5,4.0,0.0,2.0,18.0,115.0,0.31845000386238104,0.0,33,2
928,9,1.0,0.0,1.0,0.0,0.0,1219.0,2344.0,3.0,0.0,1.0,11.0,72.0,0.0,1.0,42,35
929,9,0.2307692307692308,0.0,0.2307692307692308,0.2307692307692308,0.0,1020.8461538461537,643.5769230769231,5.6923076923076925,1.0,6.0,14.076923076923075,89.03846153846153,0.3286384639258568,0.3076923076923077,81,69
930,9,0.3,0.1,0.3,0.6,0.0,2703.9,616.4,22.3,2.0,6.0,18.5,109.4,0.7088600009679794,0.4,8,3
932,9,1.181818181818182,0.3636363636363637,1.181818181818182,0.9090909090909092,1.0,3779.2727272727284,1877.0,61.72727272727273,3.0,11.0,17.818181818181817,113.36363636363636,0.10044545206156644,0.3636363636363637,4,4
933,9,0.6666666666666666,0.3333333333333333,0.6666666666666666,2.0,2.6666666666666665,2107.333333333333,2099.333333333333,28.0,2.0,2.0,23.0,137.66666666666666,0.7679333289464315,0.0,6,6
935,9,0.5,0.25,0.5,1.5,1.75,532.0,1338.5,32.25,1.0,3.0,20.75,111.5,0.2200749963521957,0.0,13,6
944,9,1.0,0.0,1.0,6.0,0.0,1024.0,945.0,19.0,0.0,1.0,17.0,126.0,0.0,0.0,30,25
947,9,0.17647058823529413,0.0,0.17647058823529413,0.14705882352941174,0.2058823529411765,10719.05882352941,1680.1470588235293,62.11764705882353,1.0,15.0,20.235294117647054,118.35294117647058,0.052247059257591474,0.35294117647058826,7,7
952,9,0.5,0.0,0.5,0.0,0.0,353.75,1351.0,4.0,0.0,3.0,19.75,111.5,0.3623500019311905,0.5,22,19
954,9,0.75,0.0,0.75,0.0,0.0,1249.25,1569.5,16.5,0.0,3.0,18.75,107.5,0.5223499983549118,0.0,16,14
956,9,0.5,0.0,0.5,0.0,0.0,327.5,347.0,2.75,0.0,3.0,18.5,111.0,0.551425002515316,0.0,89,25
959,9,0.0,0.0,0.0,2.4285714285714284,0.0,965.4285714285713,622.0,15.285714285714285,0.0,0.0,15.857142857142858,104.85714285714286,0.4531999954155514,0.5714285714285714,75,63
960,9,0.25,0.0,0.25,0.0,0.0,9840.75,288.25,89.25,1.0,1.0,21.0,121.5,0.4314000047743321,9.0,2,2
963,9,0.2352941176470588,0.0,0.2352941176470588,0.17647058823529413,0.0,430.8235294117647,439.05882352941177,3.1764705882352944,2.0,7.0,18.647058823529417,113.52941176470587,-0.06721764802932739,3.7647058823529416,32,27
964,9,1.0,0.0,1.0,0.0,0.0,194.0,382.0,9.0,0.0,1.0,12.0,88.0,0.0,0.0,62,52
971,9,1.0,0.0,1.0,2.2222222222222223,0.0,3314.888888888889,1859.4444444444446,61.22222222222222,1.0,9.0,15.666666666666664,107.66666666666669,0.08738888634575738,0.0,28,20
974,9,0.0,0.0,0.0,0.0,0.0,831.0,383.0,2.0,0.0,0.0,12.0,47.0,0.5070000290870667,0.0,68,57
976,9,0.0,0.0,0.0,0.0,0.0,38.0,113.0,0.0,0.0,0.0,20.0,113.0,0.6622999906539917,0.0,63,53
978,9,0.3333333333333333,0.0,0.3333333333333333,0.0,0.0,399.0,300.3333333333333,10.0,0.0,1.0,21.0,109.33333333333331,0.1562000016371409,0.0,91,77
980,9,0.3333333333333333,0.0,0.3333333333333333,0.0,0.0,573.3333333333334,461.66666666666674,5.333333333333333,0.0,1.0,18.666666666666668,104.66666666666669,-0.011599997679392496,0.6666666666666666,93,79
987,9,0.21073558648111326,0.003976143141153081,0.21073558648111326,1.073558648111332,0.6978131212723658,450.06361829025843,498.16699801192846,3.37972166998012,98.0,214.0,22.4831013916501,124.05566600397613,0.5705797277079899,0.1172962226640159,17,15
991,9,1.0,0.0,1.0,4.0,0.0,7315.0,7320.0,70.0,0.0,1.0,15.0,110.0,-0.6485999822616577,0.0,77,65
999,9,0.5,0.0,0.5,0.0,0.0,11043.5,1272.5,144.5,0.0,1.0,16.5,91.0,0.6642500013113022,0.0,94,80
1000,10,0.5632183908045977,0.011494252873563218,0.5632183908045977,0.5287356321839081,0.2298850574712644,76133.70114942528,1265.3793103448277,449.17241379310343,10.0,58.0,19.1264367816092,114.9425287356322,0.10020689561363608,0.11494252873563217,95,81
1004,10,0.2352941176470588,0.05882352941176471,0.2352941176470588,0.7941176470588235,0.05882352941176471,295.11764705882354,197.5,2.9705882352941178,4.0,10.0,18.0,101.35294117647058,0.3184117569642909,0.17647058823529413,1,1
1010,10,1.0,0.0,1.0,0.0,10.0,4.0,5.0,0.0,1.0,1.0,21.0,140.0,-0.4388999938964844,3.0,74,62
1011,10,0.043128181397501165,0.0017892950794385317,0.043128181397501165,0.550485886163813,0.011938917167977788,1180.4826777726362,758.4149005090236,5.858121240166589,242.0,9128.0,20.531852537405523,126.32062316828629,0.5511725313620179,1.612278266234768,49,40
1012,10,0.8333333333333334,0.0,0.8333333333333334,0.0,0.0,2292.6666666666665,506.66666666666674,31.0,0.0,5.0,16.666666666666668,89.16666666666669,0.1306666632493337,0.16666666666666666,5,5
1014,10,0.1875,0.0,0.1875,0.0625,0.0,1886.875,1424.875,10.875,3.0,3.0,20.9375,119.9375,0.29734375094994897,1.5,3,3
1016,10,0.0,0.0,0.0,0.0,0.0,384.0,303.0,0.0,0.0,0.0,13.0,64.0,0.0,0.0,54,45
1017,10,0.05194805194805195,0.0,0.05194805194805195,0.987012987012987,0.012987012987012988,76.48051948051949,151.79220779220782,0.6233766233766234,2.0,17.0,19.103896103896105,106.67532467532469,0.5027753180497653,0.3116883116883117,9,8
1020,10,0.0,0.0,0.0,0.0,0.0,581.5,512.5,1.5,0.0,0.0,21.0,94.0,0.4083999991416931,0.0,52,43
1022,10,1.0,0.0,1.0,0.0,2.25,126.5,98.5,2.0,2.0,4.0,21.5,123.75,0.19509999826550484,1.0,33,2
1025,10,1.0,0.0,1.0,0.0,0.0,32.0,171.0,0.0,0.0,1.0,15.0,89.0,0.0,0.0,29,24
1027,10,1.0,0.0,1.0,1.0,0.0,1373.5,2486.5,1.5,0.0,2.0,15.5,107.5,0.0,0.0,38,31
1028,10,1.0,0.0,1.0,3.333333333333333,4.666666666666667,3039.333333333333,2148.6666666666665,42.333333333333336,2.0,3.0,20.666666666666668,123.0,0.6919333338737488,0.3333333333333333,72,34
1030,10,0.4545454545454545,0.18181818181818185,0.4545454545454545,0.2727272727272727,0.0,2358.454545454545,1413.3636363636365,18.454545454545453,3.0,4.0,20.0,108.63636363636364,0.7378272630951621,0.7272727272727273,8,3
1031,10,0.5714285714285714,0.047619047619047616,0.5714285714285714,0.3809523809523809,1.0476190476190477,1078.095238095238,663.5714285714286,24.095238095238088,5.0,14.0,16.047619047619047,102.76190476190477,0.09670952813965934,0.4761904761904762,81,69
1032,10,0.055749128919860634,0.006968641114982578,0.055749128919860634,0.017421602787456445,0.010452961672473868,1661.7979094076654,1537.780487804878,41.43554006968641,9.0,254.0,21.25783972125436,126.1324041811847,0.7762223168532607,1.67595818815331,82,70
1033,10,0.2,0.0,0.2,0.0,0.0,26896.2,17059.2,90.4,0.0,1.0,15.8,82.8,-0.11101999282836914,0.0,96,82
1036,10,1.0,1.0,1.0,0.0,0.0,18769.0,2995.0,41.0,1.0,1.0,27.0,140.0,0.7717000246047974,0.0,76,64
1037,10,0.3181818181818182,0.0,0.3181818181818182,0.8636363636363636,0.4545454545454545,578.0909090909091,355.6818181818182,12.181818181818182,5.0,8.0,25.59090909090909,128.6818181818182,0.5836136368187991,1.1363636363636365,13,6
1038,10,1.4,1.0,1.4,1.8,1.0,1622.4,160.2,50.2,3.0,5.0,21.0,126.8,0.17078000009059907,0.0,4,4
1042,10,0.0,0.0,0.0,0.0,0.0,87.0,192.0,0.0,0.0,0.0,20.0,104.0,0.9732999801635742,0.0,85,73
1043,10,0.6,0.2,0.6,1.6,0.2,999.4,489.2,40.6,2.0,3.0,22.4,123.0,0.7373200058937073,0.2,6,6
1055,10,0.5172413793103449,0.10344827586206896,0.5172413793103449,0.06896551724137931,0.0,1031.9655172413793,1065.5517241379312,3.7931034482758617,3.0,16.0,18.896551724137925,118.55172413793105,0.1842655190106096,0.4482758620689655,7,7
1057,10,0.4,0.0,0.4,1.0,1.4,1013.6,726.0,14.6,1.0,3.0,16.8,103.8,0.2562999963760376,1.0,75,63
1058,10,0.6153846153846154,0.2307692307692308,0.6153846153846154,0.5384615384615384,0.5384615384615384,1456.3076923076926,1337.3076923076926,9.692307692307693,3.0,7.0,19.30769230769231,107.15384615384615,-0.0588538463299091,0.15384615384615385,22,19
1059,10,1.0,0.14285714285714285,1.0,0.5714285714285714,0.7142857142857143,359.1428571428572,420.71428571428567,1.0,2.0,7.0,21.857142857142854,125.28571428571428,0.21032857043402536,0.0,2,2
1061,10,0.6,0.0,0.6,0.0,0.2,2310.8,1749.0,5.0,1.0,3.0,19.4,103.4,0.4382199913263321,0.0,16,14
1062,10,1.0,0.3333333333333333,1.0,0.0,0.0,956.6666666666665,1203.3333333333333,2.0,1.0,3.0,20.0,124.33333333333331,0.05930000046888988,0.6666666666666666,62,52
1064,10,1.0,0.0,1.0,0.0,0.0,49.0,203.0,0.0,0.0,1.0,19.0,104.0,0.5719000101089478,0.0,66,55
1068,10,0.0,0.0,0.0,0.0,0.0,329.0,586.0,0.0,0.0,0.0,23.0,130.0,0.5982999801635742,0.0,97,25
1069,10,0.5,0.5,0.5,1.25,1.25,949.0,984.5,8.0,1.0,1.0,17.75,101.0,-0.3694250080734491,0.25,98,83
1070,10,0.3333333333333333,0.0,0.3333333333333333,0.0,0.0,167.91666666666666,365.75,2.1666666666666665,2.0,4.0,21.416666666666668,122.16666666666669,0.2802250050008297,0.08333333333333333,32,27
1073,10,0.53125,0.0625,0.53125,0.125,0.0,4086.109375,1331.5,43.734375,4.0,39.0,21.984375,128.875,0.4214203108567745,0.40625,99,3
1079,10,0.3333333333333333,0.0,0.3333333333333333,0.0,0.0,454.33333333333326,206.33333333333331,1.3333333333333333,0.0,1.0,23.33333333333333,134.66666666666666,0.6084999938805898,0.3333333333333333,91,77
1081,10,0.625,0.0,0.625,1.0,0.0,233.5,371.5,0.0,1.0,5.0,17.625,111.125,-0.10403749719262123,0.375,28,20
1084,10,1.0,0.0,1.0,0.0,0.0,19.0,591.0,0.0,0.0,1.0,15.0,99.0,0.3251999914646149,0.0,63,53
1086,10,1.0,0.0,1.0,0.0,0.0,666.0,3706.0,8.0,0.0,1.0,19.0,110.0,0.0,0.0,100,84
1091,10,1.0,1.0,1.0,0.0,2.0,7585.0,1827.0,224.0,1.0,1.0,24.0,139.0,0.0,0.0,101,85
1092,10,1.0,0.0,1.0,0.0,0.0,498.0,270.0,1.0,0.0,1.0,15.0,92.0,0.0,0.0,102,86
1094,10,0.0,0.0,0.0,0.25,0.0,972.8333333333335,887.5833333333335,14.416666666666664,0.0,0.0,25.25,140.0,0.3440999910235405,2.25,68,57
1095,10,0.1310344827586207,0.003448275862068965,0.1310344827586207,0.6103448275862069,0.33793103448275863,488.4172413793103,556.9310344827586,3.024137931034483,35.0,74.0,22.131034482758626,126.85172413793104,0.43730724460349,0.1793103448275862,17,15
1097,10,0.08333333333333333,0.0,0.08333333333333333,0.0,0.25,3061.833333333333,853.9166666666665,7.25,1.0,2.0,17.75,141.58333333333334,0.5382000058889389,1.8333333333333333,103,87
1099,10,0.8,0.4,0.8,1.0,1.0,225.0,647.8,1.6,1.0,4.0,15.8,104.2,0.0274399995803833,0.0,104,88
1101,11,0.2823529411764706,0.08235294117647059,0.2823529411764706,0.6823529411764706,0.24705882352941175,8862.04705882353,1241.8588235294114,14.4,14.0,56.0,20.2235294117647,124.63529411764706,0.2700952928732423,0.29411764705882354,95,81
1103,11,0.45,0.05,0.45,0.65,0.25,1029.9,1064.2,12.05,1.0,8.0,16.05,94.75,0.322739994712174,0.5,1,1
1107,11,0.3224043715846995,0.0273224043715847,0.3224043715846995,0.032786885245901634,0.032786885245901634,24048.32240437158,1091.6284153005465,123.2622950819672,12.0,156.0,20.393442622950822,121.5792349726776,-0.2267950858330466,1.098360655737705,105,81
1109,11,0.0,0.0,0.0,0.3333333333333333,0.0,1385.333333333333,1028.3333333333333,5.333333333333333,0.0,0.0,21.66666666666667,128.0,0.7189999918142954,0.6666666666666666,0,0
1113,11,1.0,0.3333333333333333,1.0,2.1666666666666665,1.1666666666666667,1433.0,1262.5,20.5,3.0,5.0,19.5,113.83333333333331,0.05453333010276159,0.16666666666666666,5,5
1115,11,0.04416454725283598,0.0010294295749061402,0.04416454725283598,1.26165677606879,0.03512171490856243,1110.2414718824432,830.1003996608937,6.417625449113883,570.0,9321.0,20.05589197044932,128.04525453150862,0.4748761212339477,2.6167090549432803,49,40
1116,11,0.6111111111111112,0.2777777777777778,0.6111111111111112,0.6666666666666666,0.0,3435.6111111111113,1220.3333333333333,42.944444444444436,5.0,11.0,18.83333333333333,119.27777777777777,0.10818333220150736,0.4444444444444444,3,3
1125,11,1.0,0.0,1.0,2.6666666666666665,0.6666666666666666,12.333333333333336,45.66666666666666,0.6666666666666666,1.0,3.0,20.33333333333333,126.66666666666669,0.378600001335144,0.0,38,31
1127,11,0.6666666666666666,0.0,0.6666666666666666,0.3333333333333333,0.0,913.6666666666665,561.6666666666666,2.0,0.0,2.0,13.666666666666664,77.66666666666667,0.0,0.6666666666666666,52,43
1129,11,1.0,0.3333333333333333,1.0,2.6666666666666665,4.0,1302.3333333333333,1216.6666666666667,20.0,2.0,3.0,20.666666666666668,116.66666666666669,0.6720666686693827,0.0,72,34
1132,11,0.23943661971830985,0.014084507042253518,0.23943661971830985,0.5070422535211268,0.0,2851.9859154929577,2031.9718309859156,13.71830985915493,1.0,49.0,19.84507042253521,124.01408450704227,0.29952535353286164,0.2676056338028169,81,69
1136,11,0.38461538461538464,0.0,0.38461538461538464,0.0,0.0,3687.384615384615,1753.1538461538462,53.230769230769226,0.0,7.0,17.76923076923077,99.76923076923076,0.503553834099036,0.6153846153846154,8,3
1139,11,0.375,0.125,0.375,0.625,0.25,1235.0833333333333,756.5833333333335,6.208333333333332,3.0,12.0,18.08333333333333,103.58333333333331,0.26022499551375705,0.5416666666666666,106,81
1143,11,0.75,0.5,0.75,2.75,2.5,1016.25,128.0,10.75,2.0,3.0,18.75,115.0,0.13570000231266022,0.0,4,4
1144,11,0.6,0.2,0.6,3.2,3.8,1419.0,1332.2,24.2,3.0,4.0,18.2,122.0,0.05428000092506409,0.0,75,63
1147,11,0.35714285714285715,0.0,0.35714285714285715,0.5,0.0,16962.071428571428,16760.85714285714,476.0,1.0,7.0,20.714285714285715,128.21428571428572,0.19660714268684387,0.21428571428571427,107,89
1148,11,0.0,0.0,0.0,0.5,0.0,171.0,188.5,3.5,0.0,0.0,16.0,85.5,0.4677499979734421,0.0,108,81
1149,11,0.3333333333333333,0.0,0.3333333333333333,0.0,0.0,1588.333333333333,1867.666666666667,15.333333333333336,1.0,1.0,25.0,124.33333333333331,0.7602333426475525,0.0,6,6
1153,11,0.0,0.0,0.0,0.0,0.0,1361.3333333333333,1201.6666666666667,14.333333333333336,0.0,1.0,15.0,84.66666666666667,0.15293332934379578,0.0,96,82
1162,11,0.0,0.0,0.0,0.0,0.0,399.5,254.5,2.5,0.0,0.0,23.0,140.0,-0.44040000438690186,1.0,109,81
1163,11,1.0,1.0,1.0,0.0,0.0,4547.0,4929.0,132.0,1.0,1.0,26.0,140.0,0.689300000667572,0.0,90,76
1164,11,1.0,0.0,1.0,0.0,0.0,11.0,179.0,0.0,0.0,1.0,15.0,71.0,0.0,0.0,110,81
1168,11,0.6666666666666666,0.08333333333333333,0.6666666666666666,0.3333333333333333,0.0,746.1666666666665,943.1666666666665,34.916666666666664,1.0,8.0,17.833333333333332,107.58333333333331,0.05842499869565169,0.0,62,52
1169,11,0.5,0.0,0.5,0.0,0.0,173.0,196.5,2.5,0.0,2.0,19.5,116.0,0.4990500062704086,1.0,111,81
1170,11,1.0,0.0,1.0,0.0,0.0,296.5,238.0,5.5,2.0,2.0,25.5,140.0,-0.21549999713897705,0.5,112,81
1172,11,0.25,0.0,0.25,0.0,0.0,440.75,860.25,0.75,0.0,2.0,19.5,107.75,0.7053500041365623,0.5,16,14
1175,11,0.07575757575757576,0.030303030303030307,0.07575757575757576,0.06818181818181818,0.022727272727272728,984.3181818181821,546.2424242424241,4.075757575757576,5.0,14.0,25.08333333333333,138.62878787878788,0.260744696765235,0.2575757575757576,22,19
1179,11,0.75,0.25,0.75,0.0,0.0,30621.91666666667,3687.583333333334,137.75,1.0,12.0,13.333333333333336,89.66666666666669,0.0,0.0,113,90
1181,11,0.08695652173913042,0.0,0.08695652173913042,0.17391304347826084,0.3043478260869565,1298.8260869565215,1291.0434782608695,9.826086956521738,1.0,5.0,15.565217391304348,95.52173913043478,0.2174608694470447,0.2608695652173913,7,7
1183,11,0.42105263157894735,0.05263157894736842,0.42105263157894735,0.05263157894736842,0.0,735.8947368421052,890.421052631579,7.894736842105262,3.0,8.0,19.210526315789476,104.26315789473685,0.1515526320589216,0.21052631578947367,32,27
1185,11,0.3064516129032258,0.016129032258064516,0.3064516129032258,0.27419354838709675,0.04032258064516129,2362.951612903226,843.7983870967741,28.79032258064516,7.0,57.0,20.346774193548384,120.41935483870968,0.3410435482979782,0.2903225806451613,99,3
1187,11,1.0,0.0,1.0,5.0,0.0,117.0,321.0,0.0,0.0,1.0,11.0,105.0,0.0,0.0,114,91
1188,11,0.8,0.0,0.8,0.0,0.0,1986697.6,1058.2,3957.2,0.0,4.0,17.2,96.2,0.13364000320434571,0.0,91,77
1193,11,0.0,0.0,0.0,0.0,0.0,1590.5,3.0,36.0,0.0,0.0,9.0,56.0,0.4587999880313873,0.0,94,80
1194,11,1.0,0.5,1.0,0.0,0.0,1117.5,214.5,12.0,1.0,2.0,21.5,128.0,0.802949994802475,6.5,100,84
1198,11,0.0,0.0,0.0,0.0,0.0,370.5,233.5,4.0,0.0,2.0,23.0,140.0,0.0,0.0,103,87
1201,12,0.2542372881355932,0.06779661016949153,0.2542372881355932,0.01694915254237288,0.0847457627118644,11529.0,658.6610169491526,24.338983050847453,8.0,26.0,19.983050847457626,122.45762711864408,-0.002684745116759155,0.8983050847457628,95,81
1204,12,0.0954653937947494,0.011933174224343677,0.0954653937947494,0.6706443914081146,0.07637231503579953,1770.727923627685,820.782816229117,8.821002386634845,33.0,52.0,21.90453460620525,133.39140811455846,-0.11396062393674987,0.026252983293556086,1,1
1215,12,0.7857142857142857,0.07142857142857142,0.7857142857142857,0.42857142857142855,1.2142857142857142,6729.357142857143,4560.285714285715,62.714285714285715,2.0,10.0,18.928571428571427,108.92857142857143,0.29791428468057085,0.42857142857142855,5,5
1216,12,0.023499262626018418,0.0008945192563402074,0.023499262626018418,4.509489156976041,0.022677271958030126,950.7744602664217,696.5460919178978,5.5144090128859125,615.0,5402.0,17.02098493822982,135.73801465077486,0.6432911967264254,1.5292290211058193,49,40
1217,12,0.06896551724137931,0.011494252873563218,0.06896551724137931,0.16091954022988506,0.08045977011494253,3814.390804597701,2265.1379310344832,38.24137931034483,3.0,5.0,22.551724137931036,133.98850574712642,0.6921597686649739,0.7701149425287356,3,3
1218,12,0.0,0.0,0.0,0.0,0.0,267.5,363.0,0.5,0.0,2.0,28.0,140.0,0.4767000079154968,0.0,33,2
1221,12,1.0,0.0,1.0,0.4,0.0,5328.0,8298.4,11.8,2.0,5.0,21.6,119.6,-0.01650000214576721,0.2,54,45
1223,12,0.4,0.0,0.4,0.4,0.0,304.2,288.8,1.2,0.0,2.0,14.6,83.2,0.13118000328540802,0.0,38,31
1226,12,1.0,0.0,1.0,2.0,0.0,29.0,135.0,3.0,0.0,1.0,21.0,130.0,0.07720000296831131,0.0,115,25
1227,12,1.0,2.0,1.0,3.0,4.0,289.0,754.0,11.0,1.0,1.0,21.0,140.0,0.784500002861023,0.0,72,34
1228,12,1.0,0.0,1.0,0.0,0.0,309.0,5003.0,1.0,0.0,1.0,23.0,140.0,0.4939000010490418,0.0,29,24
1229,12,0.38461538461538464,0.0,0.38461538461538464,0.0,0.0,1048.3076923076924,1173.8846153846155,8.423076923076923,4.0,13.0,18.26923076923077,93.42307692307692,0.020699997934011314,0.5769230769230769,105,81
1231,12,0.27586206896551724,0.02298850574712644,0.27586206896551724,0.5632183908045977,0.09195402298850576,4611.32183908046,1563.0459770114942,30.47126436781609,4.0,29.0,19.701149425287355,115.44827586206895,0.14041494355462064,0.057471264367816084,81,69
1233,12,0.0,0.0,0.0,0.0,0.0,582.0,755.0,0.0,0.0,0.0,13.0,70.0,0.0,0.0,52,43
1235,12,1.0,0.0,1.0,0.0,7.0,4.0,6.0,0.0,1.0,1.0,21.0,140.0,-0.5993999838829039,4.0,116,92
1236,12,1.0,0.0,1.0,0.0,4.5,19.5,45.0,0.0,1.0,2.0,18.5,124.5,0.38760000094771385,2.5,85,73
1238,12,1.0,0.0,1.0,0.0,9.0,4.0,6.0,0.0,1.0,1.0,21.0,140.0,0.7088000178337097,4.0,89,25
1239,12,1.0,0.6666666666666666,1.0,1.1666666666666667,3.8333333333333335,100222.16666666669,628.5,37.333333333333336,5.0,5.0,20.0,126.83333333333331,0.21774999797344208,1.0,75,63
1242,12,0.12056737588652483,0.0425531914893617,0.12056737588652483,0.425531914893617,0.03546099290780142,1603.4893617021273,772.5035460992908,15.297872340425535,13.0,57.0,19.312056737588648,116.76595744680851,0.8243099320019391,0.3191489361702128,8,3
1243,12,0.26666666666666666,0.06666666666666668,0.26666666666666666,0.3333333333333333,0.0,1110.2666666666667,651.9333333333333,5.7333333333333325,2.0,8.0,20.733333333333334,118.93333333333334,0.06978666881720225,0.4,7,7
1244,12,0.2,0.0,0.2,0.1,0.05,813.15,741.2,7.6,2.0,7.0,18.3,95.95,0.3676449965685606,0.4,106,81
1245,12,0.7333333333333333,0.26666666666666666,0.7333333333333333,0.6666666666666666,0.06666666666666668,3197.6,972.1333333333333,29.4,3.0,12.0,17.866666666666667,106.53333333333332,0.29130666454633075,0.26666666666666666,4,4
1247,12,0.8333333333333334,0.0,0.8333333333333334,0.0,0.0,1421.666666666667,544.8333333333334,64.5,1.0,5.0,18.33333333333333,111.66666666666669,0.200766671448946,0.3333333333333333,62,52
1248,12,2.0,1.0,2.0,0.0,0.0,1704.0,5001.0,465.0,1.0,1.0,24.0,140.0,0.4018999934196472,0.0,36,30
1256,12,0.3333333333333333,0.0,0.3333333333333333,0.0,0.0,323.8333333333333,395.33333333333326,2.6666666666666665,1.0,2.0,18.5,100.66666666666669,0.192183330655098,0.0,96,82
1257,12,1.0,0.0,1.0,0.0,0.0,1255.0,3172.666666666666,1.0,0.0,3.0,20.33333333333333,111.66666666666669,0.3116333285967509,1.0,66,55
1262,12,1.3333333333333333,0.0,1.3333333333333333,0.0,0.0,2826.666666666666,4674.333333333333,51.33333333333334,0.0,3.0,16.666666666666668,102.0,0.20829999446868894,0.0,2,2
1274,12,0.0,0.0,0.0,0.0,0.0,949.0,56.5,19.0,0.0,0.0,7.5,52.5,0.3773999959230423,0.0,94,80
1277,12,0.05084745762711865,0.0,0.05084745762711865,2.1822033898305087,0.08898305084745763,703.8093220338983,423.8559322033897,9.15677966101695,3.0,125.0,13.830508474576273,94.4364406779661,0.08787754253815798,0.07627118644067797,99,3
1278,12,0.25,0.08333333333333333,0.25,1.3333333333333333,0.0,555.0833333333334,277.3333333333333,9.416666666666666,1.0,6.0,16.416666666666668,100.08333333333331,0.08862500016887982,0.5,32,27
1281,12,0.3333333333333333,0.0,0.3333333333333333,1.6666666666666667,0.0,28294.0,24601.0,217.66666666666663,0.0,1.0,21.0,121.66666666666669,-0.5544000069300333,0.0,91,77
1285,12,0.16666666666666666,0.0,0.16666666666666666,0.0,0.0,2655.6666666666665,1878.5,27.83333333333333,0.0,2.0,20.33333333333333,108.33333333333331,0.14583333333333334,0.0,22,19
1287,12,0.0,0.0,0.0,0.0,0.0,775.3333333333335,870.0,2.0,0.0,0.0,12.666666666666664,68.33333333333333,0.5715666810671488,1.6666666666666667,114,91
1293,12,0.7843137254901961,0.05882352941176471,0.7843137254901961,0.392156862745098,0.0784313725490196,1850.058823529412,1122.1960784313726,19.61764705882353,7.0,92.0,18.401960784313726,112.29411764705885,0.15435489798512528,0.16666666666666666,117,26
1295,12,0.0,0.0,0.0,1.0,0.0,2.5,61.5,0.0,0.0,0.0,15.0,87.0,0.0,0.0,118,93
1296,12,0.42857142857142855,0.0,0.42857142857142855,0.42857142857142855,0.0,785.7142857142858,846.2857142857142,5.571428571428571,1.0,5.0,19.285714285714285,121.85714285714286,0.3943285771778652,4.0,119,94
1297,12,1.0,0.0,1.0,0.0,0.0,958.0,1190.0,0.0,0.0,1.0,16.0,79.0,0.3612000048160553,0.0,120,81
3170,0,0.0,0.0,0.0,0.0,0.0,2.0,38.0,0.0,0.0,0.0,26.0,113.0,0.10270000249147417,0.0,121,95
4462,0,0.0,0.0,0.0,0.0,0.0,234.0,184.0,0.0,0.0,0.0,9.0,56.0,0.4309999942779541,0.0,122,4
6624,0,0.0,0.0,0.0,0.0,0.0,332.0,1161.0,2.0,0.0,0.0,21.0,128.0,0.5065000057220459,0.0,123,33
8269,0,0.0,0.0,0.0,0.0,0.0,326.0,350.0,0.0,0.0,0.0,7.0,47.0,0.0,0.0,124,96
8415,0,0.0,0.0,0.0,0.0,0.0,39.0,40.0,0.0,0.0,0.0,15.0,79.0,0.8924000263214111,0.0,125,97
9329,0,1.0,0.6666666666666666,1.0,1.6666666666666667,0.0,1255.0,1267.6666666666667,15.0,1.0,2.0,19.666666666666668,109.66666666666669,0.2797333349784215,0.0,126,98
9507,0,1.0,0.0,1.0,0.0,2.0,536.0,555.0,5.0,1.0,1.0,26.0,140.0,0.0,0.0,125,99
989,1,0.35714285714285715,0.07142857142857142,0.35714285714285715,0.2857142857142857,0.5,101949.42857142855,1059.7857142857142,297.42857142857144,2.0,5.0,21.857142857142854,115.78571428571428,0.4915142857602665,0.14285714285714285,122,100
1260,1,0.0,0.0,0.0,0.0,0.0,17.0,63.0,0.0,0.0,0.0,17.0,98.0,0.0,0.0,127,96
1646,1,1.0,0.0,1.0,0.0,0.0,568.0,266.0,4.0,1.0,1.0,24.0,140.0,0.7717000246047974,0.0,128,101
3969,1,0.0,0.0,0.0,0.0,0.0,144.0,183.0,0.0,0.0,0.0,22.0,122.0,-0.04309999942779541,0.0,129,102
4731,1,0.0425035030359645,0.0023353573096683788,0.0425035030359645,0.5016347501167678,0.022419430172816442,1076.8556749182626,719.3428304530593,4.236805231200374,44.0,203.0,21.382998598785612,129.20551144325086,0.1834187759282237,0.09948622139187296,130,72
4737,1,0.17261904761904762,0.011904761904761904,0.17261904761904762,0.4523809523809524,0.03571428571428571,948.2678571428572,647.0654761904761,6.851190476190476,8.0,31.0,22.369047619047624,134.70238095238096,0.4981339327724917,0.2976190476190476,128,40
4741,1,0.2,0.0,0.2,0.4666666666666667,0.0,12931.133333333333,5568.0666666666675,48.33333333333334,0.0,5.0,16.466666666666665,88.33333333333331,0.26744000017642977,1.0666666666666669,122,103
4732,2,0.3636363636363637,0.045454545454545456,0.3636363636363637,0.2272727272727273,0.3181818181818182,2612.3636363636365,1971.5,30.22727272727273,4.0,13.0,17.90909090909091,114.27272727272728,0.08111818033185872,0.3181818181818182,122,104
5043,2,0.25,0.0,0.25,0.25,0.35,1368.75,1362.25,39.9,3.0,8.0,21.0,114.0,0.015505001321434975,0.2,130,14
6155,2,0.21739130434782608,0.0,0.21739130434782608,0.13043478260869565,0.0,1624.608695652174,1562.2173913043478,53.65217391304348,2.0,7.0,19.608695652173914,107.43478260869566,0.23558261083519974,0.08695652173913042,122,81
6160,2,0.2,0.0,0.2,0.2,0.0,399.8,845.0,4.4,0.0,1.0,18.4,94.6,-0.015440000593662262,0.6,131,34
6171,2,0.0,0.0,0.0,0.0,0.0,158.0,100.0,0.0,0.0,0.0,20.0,95.0,-0.6757000088691711,0.0,132,96
7851,2,0.0,0.0,0.0,0.0,0.0,741.8947368421052,562.8421052631579,5.2631578947368425,0.0,5.0,17.94736842105263,105.05263157894736,0.1009052591888528,0.3157894736842105,133,3
8880,2,0.0,0.0,0.0,0.0,0.0,586.0,487.0,1.0,0.0,0.0,23.0,139.0,0.0,0.0,134,81
986,3,0.06896551724137931,0.0,0.06896551724137931,0.13793103448275862,0.0,1967.0344827586207,1299.655172413793,9.20689655172414,1.0,17.0,21.896551724137925,133.51724137931035,0.5875482636279074,0.7931034482758621,135,40
987,3,0.15151515151515152,0.030303030303030307,0.15151515151515152,0.7575757575757576,0.09090909090909093,33259.606060606064,674.8484848484849,20.75757575757576,1.0,5.0,19.51515151515152,127.87878787878788,0.13109394027428192,0.2727272727272727,122,104
2572,3,0.0,0.0,0.0,0.2,0.0,827.2,728.2,10.4,0.0,1.0,16.8,102.6,0.022360002994537352,1.0,136,105
3171,3,1.0,0.0,1.0,0.0,0.0,49.0,112.0,0.0,1.0,1.0,19.0,140.0,0.3971000015735626,0.0,131,106
6164,3,0.0,0.0,0.0,0.0,0.0,181.0,140.0,4.0,0.0,0.0,10.0,61.0,0.0,0.0,123,102
8270,3,0.75,0.0,0.75,1.25,0.25,206.25,349.25,4.75,2.0,3.0,20.5,134.75,0.17270000278949738,0.75,122,107
8887,3,1.0,0.0,1.0,0.0,0.2,1525.8,1212.2,13.6,5.0,5.0,25.4,139.8,-0.40764000117778776,0.0,132,108
1650,4,0.2857142857142857,0.0,0.2857142857142857,4.285714285714286,0.0,304.14285714285717,475.57142857142856,3.1428571428571432,0.0,2.0,20.857142857142858,136.0,0.31368571519851685,2.142857142857143,137,40
2573,4,0.0,0.0,0.0,0.0,0.0,1099.0,650.0,0.0,0.0,0.0,17.0,75.0,0.2960000038146973,0.0,132,109
2676,4,2.0,2.0,2.0,0.0,0.0,3505.0,2224.0,7.0,1.0,1.0,22.0,119.0,0.8270999789237976,0.0,127,110
4730,4,0.007246376811594203,0.0,0.007246376811594203,0.09178743961352658,0.014492753623188406,477.49033816425117,455.0217391304348,2.9420289855072466,3.0,5.0,25.538647342995173,139.7463768115942,0.2872466083957953,0.024154589371980683,132,72
5120,4,0.0,0.0,0.0,0.0,0.0,948.4,552.0,15.4,0.0,2.0,8.8,67.2,0.3602499943226576,0.6,132,106
5390,4,0.0,0.0,0.0,0.0,0.0,63.66666666666666,30.66666666666667,1.0,0.0,0.0,20.0,115.0,0.6250666777292887,0.0,138,111
5882,4,0.09090909090909093,0.09090909090909093,0.09090909090909093,0.0,0.09090909090909093,1756.3636363636365,1637.7272727272727,7.636363636363638,1.0,10.0,12.363636363636365,88.36363636363636,-0.01163636418906125,0.09090909090909093,139,111
0,5,0.03708281829419036,0.006180469715698393,0.03708281829419036,0.03090234857849197,0.054388133498145856,3818.177997527812,720.1038318912238,15.2336217552534,18.0,466.0,19.207663782447465,116.76761433868973,-0.412391836779153,0.06922126081582201,130,74
985,5,0.05194805194805195,0.032467532467532464,0.05194805194805195,0.9642857142857144,0.07467532467532467,2424.3084415584412,1008.198051948052,14.801948051948054,13.0,19.0,21.516233766233764,136.69805194805195,0.6329535828758176,1.5941558441558439,122,108
2508,5,0.6666666666666666,0.0,0.6666666666666666,1.6666666666666667,2.333333333333333,1384.666666666667,1336.6666666666667,21.0,2.0,2.0,19.0,120.66666666666669,0.4402666538953781,0.0,140,14
2574,5,0.0,0.0,0.0,0.0,0.0,454.0,2.0,2.0,0.0,0.0,19.0,107.0,0.0,0.0,132,8
2577,5,0.0,0.0,0.0,0.0,0.0,7271.0,973.0,134.0,0.0,0.0,19.0,102.0,-0.25839999318122864,0.0,141,25
2678,5,0.5,0.0,0.5,3.0,0.0,1540.5,1684.5,8.5,0.0,1.0,17.0,106.0,0.3892499916255474,0.0,133,112
3474,5,0.0,0.0,0.0,0.0,0.0,592.5,724.0,2.5,0.0,0.0,25.0,140.0,-0.10270000249147417,0.0,142,40
1,6,0.125,0.0,0.125,0.0,0.0,1114.5,913.0,1.625,1.0,3.0,19.375,102.625,0.16949999891221526,0.5,122,113
1644,6,0.6666666666666666,0.6666666666666666,0.6666666666666666,2.0,2.0,6819.666666666668,6471.666666666668,42.333333333333336,2.0,2.0,22.0,129.33333333333334,0.4273999929428101,0.3333333333333333,122,114
1645,6,2.0,2.0,2.0,0.0,0.0,3466.666666666666,2222.6666666666665,7.0,3.0,3.0,23.33333333333333,128.0,0.5422999858856201,0.0,127,20
2677,6,1.0,0.0,1.0,0.0,0.0,541.0,528.0,14.0,1.0,1.0,31.0,139.0,-0.15309999883174896,0.0,143,78
4734,6,0.3333333333333333,0.03333333333333333,0.3333333333333333,0.6,0.0,3345.266666666667,3883.3,55.06666666666667,1.0,23.0,19.9,127.46666666666668,0.500973321000735,0.03333333333333333,130,115
4742,6,0.05882352941176471,0.0,0.05882352941176471,0.1176470588235294,0.0,1002.9411764705884,843.8235294117646,5.235294117647058,1.0,11.0,21.11764705882353,118.88235294117645,0.1988705887514002,0.0,144,15
6158,6,0.0,0.0,0.0,0.0,0.0,518.0,620.0,0.0,0.0,0.0,28.0,139.0,0.44040000438690186,0.0,145,116
2,7,0.08524069555787925,0.0034080786956353355,0.08524069555787925,2.5196932729173933,0.21753611401572365,590.6041981333024,516.4100151039852,2.6426552031292356,1803.0,5668.0,17.87858719646799,122.31284613299252,0.1387503601808703,0.2573486696874637,122,72
988,7,0.3170731707317073,0.12195121951219512,0.3170731707317073,0.7560975609756098,0.2926829268292683,44799.975609756104,4134.170731707317,74.63414634146342,4.0,16.0,19.536585365853654,130.1219512195122,0.4297024355065532,0.0975609756097561,130,100
1262,7,1.0,0.0,1.0,0.0,0.0,7642.0,24.0,19.0,0.0,1.0,20.0,113.0,0.0,0.0,128,69
2575,7,1.0,0.0,1.0,0.0,0.0,27.0,223.0,0.0,0.0,1.0,24.0,133.0,0.7184000015258789,0.0,122,114
4735,7,0.031077987901248025,0.0015395934383345142,0.031077987901248025,2.4510600032699332,0.03389830508474576,870.5659300234345,643.4710202190855,3.964044362090577,695.0,7680.0,17.353793122240994,108.18394735407922,0.27000981738823265,0.6624066706632514,122,40
4739,7,0.4117647058823529,0.0196078431372549,0.4117647058823529,1.5490196078431373,0.13725490196078433,902.2549019607843,621.2156862745097,11.68627450980392,4.0,29.0,18.43137254901961,118.9607843137255,0.06941176337354324,0.6862745098039216,124,40
6625,7,0.0,0.0,0.0,3.0,0.0,419.0,419.0,0.0,0.0,0.0,10.0,78.0,-0.2732000052928925,0.0,146,40
2240,8,0.6666666666666666,0.3333333333333333,0.6666666666666666,0.0,0.0,704.3333333333335,550.0,4.333333333333333,2.0,2.0,22.33333333333333,131.33333333333334,0.4937666654586792,0.0,124,7
3272,8,0.0,0.0,0.0,0.8,0.0,932.2,1493.8,12.2,0.0,0.0,19.4,131.2,0.4070999890565872,0.2,128,117
5118,8,0.3157894736842105,0.017543859649122806,0.3157894736842105,1.4385964912280702,0.7543859649122807,579.0,596.140350877193,1.5964912280701755,18.0,18.0,20.982456140350877,136.71929824561406,0.10273684012262443,0.3684210526315789,123,72
5389,8,0.5,0.1,0.5,2.2,0.5,4519.6,1210.2,77.9,1.0,8.0,18.4,118.2,0.04408000111579895,0.1,130,9
6161,8,0.5,0.0,0.5,0.5,0.0,1509.5,2899.5,34.5,0.0,1.0,23.5,140.0,0.19089999794960025,0.0,125,118
6439,8,0.5,0.0,0.5,0.0,0.0,157.0,204.5,1.5,1.0,1.0,24.5,124.5,0.728300005197525,0.0,122,119
6483,8,1.0,0.0,1.0,0.0,0.0,22.0,193.0,0.0,1.0,1.0,25.0,140.0,-0.4767000079154968,0.0,123,97
1259,9,0.0,0.0,0.0,0.0,0.0,905.25,731.75,7.9375,0.0,0.0,24.0,140.0,0.457399994134903,1.0,147,3
1648,9,0.3333333333333333,0.3333333333333333,0.3333333333333333,1.0,0.0,8574.0,526.3333333333334,27.33333333333333,1.0,1.0,20.0,131.0,-0.04730000098546346,0.6666666666666666,132,108
3271,9,1.0,0.0,1.0,0.0,0.0,2018.0,1956.0,2.0,1.0,1.0,27.0,140.0,0.7602999806404114,0.0,145,94
6169,9,0.0,0.0,0.0,0.0,0.0,1260.0,1609.0,36.0,0.0,0.0,6.0,51.0,0.0,0.0,147,120
6631,9,0.8333333333333334,0.08333333333333333,0.8333333333333334,1.5,1.0,516.8333333333334,490.16666666666674,7.0,3.0,11.0,19.5,118.41666666666669,0.4676083226998647,0.08333333333333333,130,100
8413,9,0.0,0.0,0.0,0.0,0.0,762.0,570.0,15.0,0.0,0.0,19.0,105.0,0.8176000118255615,2.0,148,111
8892,9,0.6666666666666666,0.0,0.6666666666666666,0.0,0.0,7226.0,2095.1666666666665,8.833333333333334,0.0,4.0,18.83333333333333,106.16666666666669,-0.3796999976038933,1.1666666666666667,133,110
2552,10,0.0,0.0,0.0,5.0,0.0,31.0,58.5,0.0,0.0,0.0,21.0,140.0,0.9678000211715698,0.0,149,40
2576,10,0.5,0.0,0.5,0.0,0.0,354.5,326.5,1.5,1.0,1.0,26.0,143.5,0.18060000240802765,0.0,128,15
5088,10,0.0,0.0,0.0,0.0,0.0,535.6,726.6,14.2,0.0,1.0,21.2,125.4,-0.2589199960231781,0.0,125,116
6166,10,0.0,0.0,0.0,0.0,0.0,1853.666666666667,2041.166666666667,42.0,0.0,0.0,4.0,41.0,0.07646666467189789,0.0,123,106
6623,10,0.0,0.0,0.0,0.0,0.0,567.0,550.0,1.0,0.0,0.0,21.0,112.0,0.10270000249147417,0.0,127,103
6629,10,0.0,0.0,0.0,0.0,0.0,411.7674418604651,488.1627906976744,9.651162790697674,0.0,0.0,17.093023255813957,114.5813953488372,0.5390255661291439,0.0,124,102
6630,10,0.0,0.0,0.0,0.0,0.0,535.5833333333334,592.2777777777778,4.222222222222221,0.0,0.0,20.0,139.0,0.4824000000953674,0.0,150,40
1258,11,0.2368421052631579,0.02631578947368421,0.2368421052631579,0.02631578947368421,0.0,32950.81578947369,953.7105263157896,203.8947368421053,1.0,10.0,19.157894736842106,129.42105263157896,-0.09571842074786363,1.0789473684210529,125,81
1261,11,0.25,0.0,0.25,0.0,0.0,3456.75,1963.75,69.25,1.0,1.0,16.5,89.25,0.26122500747442245,0.0,122,113
1643,11,0.0,0.0,0.0,0.0,0.0,575.0,1949.666666666667,5.666666666666668,0.0,0.0,21.33333333333333,111.33333333333331,0.7102333505948385,0.0,122,121
1647,11,0.09090909090909093,0.09090909090909093,0.09090909090909093,0.0,0.09090909090909093,19228.0,12526.454545454546,31.181818181818183,1.0,9.0,14.909090909090908,95.8181818181818,-0.2005999982357025,1.4545454545454546,130,90
3970,11,1.0,0.0,1.0,0.0,0.0,96.0,149.0,0.0,1.0,1.0,24.0,139.0,0.0,0.0,148,8
4743,11,0.21551724137931036,0.04310344827586207,0.21551724137931036,0.2327586206896552,0.25,1199.5603448275865,951.0258620689656,8.241379310344827,19.0,36.0,18.594827586206893,106.42241379310344,0.2252318963472699,0.2844827586206897,122,97
5121,11,0.0,0.0,0.0,0.0,0.0,539.4117647058823,601.9411764705882,7.117647058823528,0.0,0.0,25.882352941176467,140.0,0.14976470260059133,0.0,136,15
1257,12,0.16071428571428573,0.0,0.16071428571428573,0.03571428571428571,0.0,1212.5,600.0357142857142,11.678571428571427,3.0,9.0,15.428571428571427,85.05357142857143,0.1382017856729882,0.35714285714285715,130,2
1312,12,0.3333333333333333,0.0,0.3333333333333333,1.0,0.0,1487.25,1048.0,13.166666666666664,2.0,5.0,17.75,121.41666666666669,0.2375666710237662,1.0833333333333333,130,108
3270,12,0.0,0.0,0.0,0.0,0.0,829.6,875.4,4.6,0.0,0.0,22.0,127.0,0.6309599757194521,0.0,151,81
3966,12,0.0,0.0,0.0,1.0,0.0,11.0,83.0,0.0,0.0,0.0,16.0,93.0,0.9218999743461608,6.0,130,122
4736,12,0.06666666666666668,0.0,0.06666666666666668,0.0,0.0,1046.2333333333333,1196.9,22.466666666666665,1.0,2.0,19.666666666666668,127.83333333333331,0.3618799984455109,0.1,152,123
4740,12,0.05172413793103448,0.0,0.05172413793103448,0.10344827586206896,0.0,638.5862068965517,486.06896551724134,9.20689655172414,0.0,57.0,11.327586206896553,77.0344827586207,-0.004310344827586207,0.0,130,46
5119,12,0.17391304347826084,0.0,0.17391304347826084,0.0,0.0,1585.0,1199.2173913043478,4.043478260869565,3.0,8.0,20.565217391304348,104.8695652173913,-0.13727390668962314,0.7826086956521741,122,124
